,index,timestamp,open,high,low,close,volume
0,0,1694476800000,0.1661,0.1663,0.166,0.1663,44125
1,1,1694476860000,0.1662,0.1665,0.1661,0.1665,101139
2,2,1694476920000,0.1666,0.1667,0.1665,0.1665,45603
3,3,1694476980000,0.1665,0.1665,0.166,0.1661,81773
4,4,1694477040000,0.1662,0.1663,0.1661,0.1661,71556
5,5,1694477100000,0.1661,0.1662,0.1657,0.1658,575031
6,6,1694477160000,0.1657,0.1658,0.1654,0.1654,71928
7,7,1694477220000,0.1654,0.1657,0.1654,0.1656,126624
8,8,1694477280000,0.1657,0.1658,0.1656,0.1657,61126
9,9,1694477340000,0.1657,0.1657,0.1655,0.1655,39153
10,10,1694477400000,0.1655,0.1657,0.1655,0.1657,37111
11,11,1694477460000,0.1657,0.1657,0.1656,0.1656,17279
12,12,1694477520000,0.1656,0.1656,0.1655,0.1656,6151
13,13,1694477580000,0.1656,0.1657,0.1655,0.1656,14638
14,14,1694477640000,0.1655,0.1656,0.1655,0.1656,16371
15,15,1694477700000,0.1656,0.1657,0.1652,0.1654,74964
16,16,1694477760000,0.1654,0.1655,0.1654,0.1654,54972
17,17,1694477820000,0.1653,0.1654,0.1653,0.1654,12157
18,18,1694477880000,0.1654,0.1654,0.1654,0.1654,5530
19,19,1694477940000,0.1655,0.1655,0.1654,0.1654,5935
20,20,1694478000000,0.1655,0.1655,0.1653,0.1654,42561
21,21,1694478060000,0.1654,0.1654,0.1653,0.1654,8741
22,22,1694478120000,0.1654,0.1655,0.1653,0.1653,14147
23,23,1694478180000,0.1654,0.1654,0.1653,0.1653,4748
24,24,1694478240000,0.1653,0.1654,0.1653,0.1654,4600
25,25,1694478300000,0.1653,0.1654,0.1652,0.1654,37236
26,26,1694478360000,0.1655,0.1655,0.1653,0.1653,37049
27,27,1694478420000,0.1654,0.1654,0.1654,0.1654,2791
28,28,1694478480000,0.1654,0.1655,0.1653,0.1655,51028
29,29,1694478540000,0.1656,0.1657,0.1656,0.1656,22638
30,30,1694478600000,0.1656,0.1658,0.1656,0.1657,36724
31,31,1694478660000,0.1658,0.1659,0.1657,0.1659,56705
32,32,1694478720000,0.1658,0.1658,0.1656,0.1657,11914
33,33,1694478780000,0.1657,0.1657,0.1655,0.1656,53852
34,34,1694478840000,0.1656,0.1656,0.1654,0.1655,6348
35,35,1694478900000,0.1655,0.1656,0.1654,0.1656,9647
36,36,1694478960000,0.1655,0.1657,0.1655,0.1656,26338
37,37,1694479020000,0.1657,0.1658,0.1657,0.1658,24911
38,38,1694479080000,0.1658,0.166,0.1658,0.166,27612
39,39,1694479140000,0.166,0.166,0.1659,0.166,13625
40,40,1694479200000,0.1661,0.1662,0.166,0.1662,19322
41,41,1694479260000,0.1662,0.1662,0.1661,0.1661,17909
42,42,1694479320000,0.166,0.1662,0.166,0.1661,42539
43,43,1694479380000,0.1661,0.1661,0.1661,0.1661,0
44,44,1694479440000,0.1662,0.1663,0.1661,0.1661,13548
45,45,1694479500000,0.1662,0.1662,0.1662,0.1662,5268
46,46,1694479560000,0.1663,0.1668,0.1663,0.1668,70033
47,47,1694479620000,0.1668,0.1673,0.1666,0.1667,120240
48,48,1694479680000,0.1668,0.1669,0.1667,0.1668,45811
49,49,1694479740000,0.1669,0.167,0.1668,0.1668,51682
50,50,1694479800000,0.1669,0.1675,0.1669,0.1675,65506
51,51,1694479860000,0.1675,0.168,0.1671,0.1671,229766
52,52,1694479920000,0.1671,0.1673,0.1671,0.1673,105464
53,53,1694479980000,0.1673,0.1676,0.1673,0.1676,43012
54,54,1694480040000,0.1676,0.1681,0.1675,0.168,83142
55,55,1694480100000,0.168,0.168,0.1677,0.1678,67303
56,56,1694480160000,0.1678,0.1678,0.1674,0.1675,48083
57,57,1694480220000,0.1674,0.1674,0.1672,0.1673,24677
58,58,1694480280000,0.1673,0.1673,0.1671,0.1671,15692
59,59,1694480340000,0.167,0.1671,0.1669,0.1671,16744
60,60,1694480400000,0.1672,0.1672,0.167,0.167,21076
61,61,1694480460000,0.167,0.1671,0.1669,0.1669,38846
62,62,1694480520000,0.1668,0.1668,0.1665,0.1667,57404
63,63,1694480580000,0.1667,0.1668,0.1665,0.1665,10612
64,64,1694480640000,0.1666,0.1666,0.1663,0.1663,24409
65,65,1694480700000,0.1664,0.1665,0.1663,0.1663,88484
66,66,1694480760000,0.1662,0.1664,0.1662,0.1662,66117
67,67,1694480820000,0.1663,0.1665,0.1662,0.1663,135246
68,68,1694480880000,0.1663,0.1664,0.1662,0.1664,44797
69,69,1694480940000,0.1664,0.1667,0.1664,0.1666,79976
70,70,1694481000000,0.1665,0.1669,0.1665,0.1667,121143
71,71,1694481060000,0.1667,0.167,0.1667,0.167,28160
72,72,1694481120000,0.167,0.167,0.1669,0.1669,64732
73,73,1694481180000,0.1668,0.1668,0.1668,0.1668,466
74,74,1694481240000,0.1668,0.1668,0.1664,0.1664,52367
75,75,1694481300000,0.1664,0.1665,0.1663,0.1665,62845
76,76,1694481360000,0.1666,0.1666,0.1665,0.1665,4321
77,77,1694481420000,0.1666,0.1666,0.1665,0.1666,20333
78,78,1694481480000,0.1666,0.1666,0.1665,0.1665,25538
79,79,1694481540000,0.1664,0.1664,0.1663,0.1663,24462
80,80,1694481600000,0.1663,0.1665,0.1663,0.1665,83050
81,81,1694481660000,0.1666,0.1666,0.1666,0.1666,58243
82,82,1694481720000,0.1665,0.1665,0.1664,0.1664,18216
83,83,1694481780000,0.1664,0.1664,0.1663,0.1664,6979
84,84,1694481840000,0.1665,0.1665,0.1665,0.1665,6398
85,85,1694481900000,0.1664,0.1664,0.1664,0.1664,299
86,86,1694481960000,0.1665,0.1665,0.1665,0.1665,23641
87,87,1694482020000,0.1664,0.1664,0.1661,0.1662,85190
88,88,1694482080000,0.1662,0.1663,0.1661,0.1662,42805
89,89,1694482140000,0.1663,0.1663,0.1662,0.1662,3596
90,90,1694482200000,0.1662,0.1663,0.1661,0.1662,15547
91,91,1694482260000,0.1661,0.1661,0.166,0.1661,49021
92,92,1694482320000,0.1661,0.1661,0.1661,0.1661,2400
93,93,1694482380000,0.1661,0.1662,0.1661,0.1661,6584
94,94,1694482440000,0.1661,0.1663,0.1661,0.1661,22008
95,95,1694482500000,0.1661,0.1662,0.1661,0.1662,19346
96,96,1694482560000,0.1662,0.1662,0.1661,0.1661,21728
97,97,1694482620000,0.1661,0.1661,0.1661,0.1661,0
98,98,1694482680000,0.1661,0.1661,0.166,0.1661,12596
99,99,1694482740000,0.166,0.166,0.166,0.166,1448
100,100,1694482800000,0.166,0.1662,0.166,0.1662,24943
101,101,1694482860000,0.1662,0.1662,0.1661,0.1661,1657
102,102,1694482920000,0.1662,0.1663,0.1662,0.1663,35797
103,103,1694482980000,0.1663,0.1664,0.1663,0.1664,15980
104,104,1694483040000,0.1664,0.1664,0.1663,0.1663,6388
105,105,1694483100000,0.1662,0.1664,0.1662,0.1664,42543
106,106,1694483160000,0.1663,0.1664,0.1662,0.1663,37016
107,107,1694483220000,0.1663,0.1663,0.1663,0.1663,4422
108,108,1694483280000,0.1663,0.1666,0.1663,0.1665,58999
109,109,1694483340000,0.1666,0.1666,0.1666,0.1666,11522
110,110,1694483400000,0.1666,0.1667,0.1666,0.1666,4677
111,111,1694483460000,0.1666,0.1668,0.1666,0.1666,48992
112,112,1694483520000,0.1666,0.1666,0.1664,0.1664,22890
113,113,1694483580000,0.1665,0.1665,0.1664,0.1664,8533
114,114,1694483640000,0.1664,0.1665,0.1664,0.1664,8758
115,115,1694483700000,0.1665,0.1665,0.1664,0.1665,3504
116,116,1694483760000,0.1665,0.1665,0.1665,0.1665,16001
117,117,1694483820000,0.1665,0.1665,0.1664,0.1665,27333
118,118,1694483880000,0.1666,0.1666,0.1666,0.1666,35904
119,119,1694483940000,0.1667,0.1667,0.1665,0.1665,60525
120,120,1694484000000,0.1665,0.1668,0.1665,0.1668,55750
121,121,1694484060000,0.1667,0.1667,0.1666,0.1667,19780
122,122,1694484120000,0.1667,0.167,0.1667,0.1668,113679
123,123,1694484180000,0.1668,0.1668,0.1667,0.1667,7119
124,124,1694484240000,0.1667,0.1667,0.1667,0.1667,1420
125,125,1694484300000,0.1668,0.1668,0.1667,0.1667,412
126,126,1694484360000,0.1668,0.1668,0.1668,0.1668,47464
127,127,1694484420000,0.1669,0.1669,0.1668,0.1669,4011
128,128,1694484480000,0.1669,0.1672,0.1669,0.167,66527
129,129,1694484540000,0.1671,0.1672,0.167,0.1672,31365
130,130,1694484600000,0.1672,0.1673,0.1672,0.1673,37911
131,131,1694484660000,0.1672,0.1673,0.1671,0.1672,20193
132,132,1694484720000,0.1672,0.1672,0.1671,0.1671,1037
133,133,1694484780000,0.1672,0.1675,0.1672,0.1675,49949
134,134,1694484840000,0.1675,0.1676,0.1673,0.1674,156283
135,135,1694484900000,0.1674,0.1674,0.1673,0.1673,42825
136,136,1694484960000,0.1673,0.1674,0.1672,0.1673,59227
137,137,1694485020000,0.1673,0.1673,0.1673,0.1673,0
138,138,1694485080000,0.1673,0.1673,0.1673,0.1673,4550
139,139,1694485140000,0.1673,0.1673,0.1673,0.1673,9641
140,140,1694485200000,0.1672,0.1672,0.167,0.1672,109356
141,141,1694485260000,0.1673,0.1673,0.1672,0.1672,9388
142,142,1694485320000,0.1671,0.1671,0.1671,0.1671,11972
143,143,1694485380000,0.1672,0.1672,0.1672,0.1672,25227
144,144,1694485440000,0.1672,0.1672,0.1672,0.1672,0
145,145,1694485500000,0.1673,0.1678,0.1673,0.1676,153648
146,146,1694485560000,0.1675,0.1676,0.1674,0.1675,51746
147,147,1694485620000,0.1674,0.1674,0.1673,0.1673,4555
148,148,1694485680000,0.1674,0.1674,0.1674,0.1674,8997
149,149,1694485740000,0.1675,0.1675,0.1674,0.1674,896
150,150,1694485800000,0.1675,0.1677,0.1674,0.1677,37462
151,151,1694485860000,0.1677,0.1679,0.1677,0.1678,31822
152,152,1694485920000,0.1677,0.168,0.1677,0.1679,91964
153,153,1694485980000,0.168,0.168,0.1678,0.1678,18435
154,154,1694486040000,0.1679,0.1679,0.1678,0.1679,12069
155,155,1694486100000,0.1678,0.1679,0.1677,0.1679,21707
156,156,1694486160000,0.1679,0.1682,0.1679,0.1681,25583
157,157,1694486220000,0.1681,0.1681,0.168,0.1681,37410
158,158,1694486280000,0.1681,0.1686,0.1681,0.1685,155553
159,159,1694486340000,0.1685,0.1685,0.1684,0.1685,20773
160,160,1694486400000,0.1685,0.1685,0.1684,0.1685,8391
161,161,1694486460000,0.1684,0.1684,0.1683,0.1683,15456
162,162,1694486520000,0.1683,0.1683,0.1682,0.1683,100840
163,163,1694486580000,0.1682,0.1682,0.168,0.168,9429
164,164,1694486640000,0.1681,0.1682,0.1681,0.1682,28652
165,165,1694486700000,0.1683,0.1687,0.1683,0.1687,122284
166,166,1694486760000,0.1686,0.1686,0.1685,0.1685,43668
167,167,1694486820000,0.1686,0.1687,0.1686,0.1687,21779
168,168,1694486880000,0.1688,0.1689,0.1687,0.1689,99194
169,169,1694486940000,0.1688,0.1688,0.1687,0.1688,8641
170,170,1694487000000,0.1688,0.1688,0.1687,0.1688,25378
171,171,1694487060000,0.1688,0.1688,0.1686,0.1686,10610
172,172,1694487120000,0.1686,0.1687,0.1686,0.1686,4256
173,173,1694487180000,0.1687,0.1687,0.1687,0.1687,7880
174,174,1694487240000,0.1686,0.1687,0.1686,0.1686,8465
175,175,1694487300000,0.1686,0.169,0.1686,0.1689,111826
176,176,1694487360000,0.1689,0.1689,0.1688,0.1688,823
177,177,1694487420000,0.1689,0.169,0.1689,0.169,10600
178,178,1694487480000,0.169,0.169,0.1688,0.1688,34666
179,179,1694487540000,0.1688,0.1688,0.1688,0.1688,2893
180,180,1694487600000,0.1687,0.1688,0.1687,0.1687,26569
181,181,1694487660000,0.1687,0.1689,0.1687,0.1687,39930
182,182,1694487720000,0.1688,0.1691,0.1688,0.1691,48391
183,183,1694487780000,0.1692,0.1702,0.1691,0.1699,487350
184,184,1694487840000,0.1699,0.17,0.1696,0.1697,217968
185,185,1694487900000,0.1696,0.1702,0.1695,0.1702,236522
186,186,1694487960000,0.1702,0.1703,0.1699,0.1699,53536
187,187,1694488020000,0.1699,0.1699,0.1696,0.1696,117164
188,188,1694488080000,0.1696,0.1698,0.1694,0.1698,167533
189,189,1694488140000,0.1698,0.1699,0.1696,0.1699,52358
190,190,1694488200000,0.1699,0.1701,0.1698,0.1699,49797
191,191,1694488260000,0.1699,0.1706,0.1699,0.1705,202480
192,192,1694488320000,0.1704,0.171,0.1704,0.1706,224059
193,193,1694488380000,0.1706,0.1715,0.1706,0.1715,264833
194,194,1694488440000,0.1715,0.1715,0.1708,0.1709,188031
195,195,1694488500000,0.171,0.1711,0.1708,0.171,122560
196,196,1694488560000,0.1711,0.1724,0.171,0.1722,524610
197,197,1694488620000,0.1723,0.1734,0.1723,0.1727,797225
198,198,1694488680000,0.1726,0.1731,0.1723,0.1729,324416
199,199,1694488740000,0.1729,0.1736,0.1729,0.1735,275150
200,200,1694488800000,0.1735,0.1741,0.1733,0.1738,475392
201,201,1694488860000,0.1739,0.1743,0.1733,0.1735,332781
202,202,1694488920000,0.1735,0.1742,0.1733,0.1741,213975
203,203,1694488980000,0.1741,0.1746,0.1739,0.174,414696
204,204,1694489040000,0.174,0.1749,0.174,0.174,643851
205,205,1694489100000,0.174,0.1746,0.174,0.1746,182796
206,206,1694489160000,0.1745,0.175,0.1742,0.1742,217652
207,207,1694489220000,0.1743,0.1745,0.1741,0.1743,209486
208,208,1694489280000,0.1743,0.1748,0.1743,0.1748,163474
209,209,1694489340000,0.1748,0.1749,0.1737,0.1738,392604
210,210,1694489400000,0.1739,0.1741,0.1732,0.1732,270782
211,211,1694489460000,0.1732,0.1739,0.1732,0.1739,356699
212,212,1694489520000,0.1738,0.1738,0.1736,0.1737,71162
213,213,1694489580000,0.1737,0.1737,0.1731,0.1731,120801
214,214,1694489640000,0.1732,0.1732,0.1727,0.1728,237232
215,215,1694489700000,0.1728,0.173,0.1726,0.1727,213466
216,216,1694489760000,0.1727,0.1727,0.1723,0.1724,125911
217,217,1694489820000,0.1725,0.1727,0.1724,0.1724,115373
218,218,1694489880000,0.1724,0.1725,0.1722,0.1725,184585
219,219,1694489940000,0.1725,0.1726,0.1724,0.1724,16963
220,220,1694490000000,0.1723,0.1726,0.1722,0.1722,75464
221,221,1694490060000,0.1721,0.1721,0.1717,0.1721,159163
222,222,1694490120000,0.1722,0.1726,0.1722,0.1723,175859
223,223,1694490180000,0.1724,0.1725,0.1723,0.1724,36229
224,224,1694490240000,0.1724,0.1726,0.1722,0.1726,84754
225,225,1694490300000,0.1726,0.1728,0.1721,0.1721,106094
226,226,1694490360000,0.1721,0.1723,0.1719,0.1723,86929
227,227,1694490420000,0.1722,0.1722,0.1717,0.1717,71576
228,228,1694490480000,0.1717,0.1719,0.1716,0.1716,48973
229,229,1694490540000,0.1717,0.1718,0.1717,0.1718,17833
230,230,1694490600000,0.1718,0.1721,0.1718,0.1721,58738
231,231,1694490660000,0.1721,0.1721,0.1719,0.1719,18167
232,232,1694490720000,0.1719,0.1723,0.1719,0.1721,48596
233,233,1694490780000,0.1721,0.1721,0.1718,0.172,54072
234,234,1694490840000,0.1719,0.1721,0.1719,0.1721,148882
235,235,1694490900000,0.1721,0.1727,0.1721,0.1727,140606
236,236,1694490960000,0.1727,0.1729,0.1724,0.1724,78898
237,237,1694491020000,0.1725,0.1727,0.1724,0.1725,44508
238,238,1694491080000,0.1725,0.1725,0.1723,0.1723,22517
239,239,1694491140000,0.1724,0.1724,0.1722,0.1722,16177
240,240,1694491200000,0.1722,0.1726,0.1721,0.1722,163071
241,241,1694491260000,0.1723,0.1729,0.1723,0.1726,135628
242,242,1694491320000,0.1725,0.1732,0.1725,0.1732,253845
243,243,1694491380000,0.1731,0.1731,0.1724,0.1725,105600
244,244,1694491440000,0.1724,0.1724,0.172,0.172,103463
245,245,1694491500000,0.1721,0.1721,0.1716,0.1717,60739
246,246,1694491560000,0.1717,0.1721,0.1716,0.1721,38419
247,247,1694491620000,0.172,0.1725,0.172,0.1724,90424
248,248,1694491680000,0.1724,0.1724,0.1721,0.1723,47396
249,249,1694491740000,0.1722,0.1722,0.1719,0.172,134612
250,250,1694491800000,0.172,0.1723,0.1719,0.1721,51908
251,251,1694491860000,0.1721,0.1723,0.172,0.172,37000
252,252,1694491920000,0.172,0.1721,0.172,0.172,7468
253,253,1694491980000,0.1721,0.1722,0.172,0.1721,14627
254,254,1694492040000,0.1721,0.1721,0.1721,0.1721,18050
255,255,1694492100000,0.172,0.1723,0.1718,0.1718,76236
256,256,1694492160000,0.1718,0.1719,0.1717,0.1719,111547
257,257,1694492220000,0.1719,0.1719,0.1717,0.1718,89755
258,258,1694492280000,0.1719,0.1719,0.1718,0.1718,14811
259,259,1694492340000,0.1717,0.1717,0.1715,0.1716,43750
260,260,1694492400000,0.1717,0.1718,0.1717,0.1717,22817
261,261,1694492460000,0.1717,0.1721,0.1716,0.172,41897
262,262,1694492520000,0.1721,0.1723,0.1721,0.1723,50272
263,263,1694492580000,0.1724,0.1724,0.1721,0.1722,47715
264,264,1694492640000,0.1722,0.1722,0.1721,0.1721,35504
265,265,1694492700000,0.1722,0.1727,0.1722,0.1726,139353
266,266,1694492760000,0.1725,0.1727,0.1724,0.1725,51078
267,267,1694492820000,0.1726,0.1726,0.1725,0.1725,20189
268,268,1694492880000,0.1724,0.1725,0.1723,0.1724,9272
269,269,1694492940000,0.1724,0.1725,0.1722,0.1722,20216
270,270,1694493000000,0.1722,0.1724,0.1722,0.1724,8583
271,271,1694493060000,0.1724,0.1725,0.1724,0.1724,16309
272,272,1694493120000,0.1725,0.1725,0.1722,0.1722,39934
273,273,1694493180000,0.1722,0.1723,0.1721,0.1723,22154
274,274,1694493240000,0.1723,0.1726,0.1723,0.1726,48127
275,275,1694493300000,0.1725,0.1727,0.1725,0.1725,43973
276,276,1694493360000,0.1725,0.1727,0.1725,0.1727,25918
277,277,1694493420000,0.1727,0.1728,0.1726,0.1726,36375
278,278,1694493480000,0.1727,0.1727,0.1725,0.1725,8086
279,279,1694493540000,0.1726,0.1727,0.1726,0.1727,136
280,280,1694493600000,0.1726,0.1726,0.1725,0.1726,13567
281,281,1694493660000,0.1725,0.1725,0.1723,0.1724,62730
282,282,1694493720000,0.1724,0.1724,0.1723,0.1723,20726
283,283,1694493780000,0.1722,0.1723,0.1721,0.1723,38778
284,284,1694493840000,0.1723,0.1723,0.1723,0.1723,4247
285,285,1694493900000,0.1723,0.1724,0.1722,0.1724,8351
286,286,1694493960000,0.1724,0.1724,0.1722,0.1722,15768
287,287,1694494020000,0.1722,0.1723,0.1721,0.1721,62700
288,288,1694494080000,0.1722,0.1723,0.1722,0.1723,10725
289,289,1694494140000,0.1722,0.1722,0.172,0.1722,39389
290,290,1694494200000,0.1722,0.1722,0.1722,0.1722,12980
291,291,1694494260000,0.1722,0.1722,0.1721,0.1721,17760
292,292,1694494320000,0.172,0.1721,0.172,0.172,363014
293,293,1694494380000,0.1721,0.1722,0.1721,0.1721,146558
294,294,1694494440000,0.1721,0.1721,0.172,0.172,64626
295,295,1694494500000,0.172,0.172,0.1719,0.1719,357995
296,296,1694494560000,0.1719,0.1721,0.1719,0.172,83662
297,297,1694494620000,0.172,0.172,0.1719,0.1719,78669
298,298,1694494680000,0.1718,0.1718,0.1713,0.1714,178352
299,299,1694494740000,0.1713,0.1714,0.1712,0.1714,75620
300,300,1694494800000,0.1714,0.1715,0.1712,0.1712,184706
301,301,1694494860000,0.1713,0.1713,0.1709,0.1713,202106
302,302,1694494920000,0.1711,0.1713,0.171,0.171,13533
303,303,1694494980000,0.1711,0.1711,0.1706,0.171,213997
304,304,1694495040000,0.171,0.1711,0.1709,0.1709,33251
305,305,1694495100000,0.1709,0.1711,0.1708,0.171,76238
306,306,1694495160000,0.171,0.1711,0.1709,0.171,41205
307,307,1694495220000,0.171,0.1713,0.171,0.1712,69788
308,308,1694495280000,0.1712,0.1712,0.1709,0.1709,19276
309,309,1694495340000,0.171,0.1712,0.1709,0.1709,97613
310,310,1694495400000,0.1709,0.171,0.1709,0.1709,21696
311,311,1694495460000,0.1709,0.1709,0.1705,0.1705,74135
312,312,1694495520000,0.1705,0.1708,0.1705,0.1708,62442
313,313,1694495580000,0.1708,0.1712,0.1708,0.1711,111267
314,314,1694495640000,0.1711,0.1714,0.1711,0.1713,45708
315,315,1694495700000,0.1712,0.1713,0.1711,0.1711,51298
316,316,1694495760000,0.1711,0.1711,0.1707,0.1707,36936
317,317,1694495820000,0.1708,0.1708,0.1707,0.1707,6535
318,318,1694495880000,0.1707,0.1708,0.1707,0.1708,19999
319,319,1694495940000,0.1707,0.1707,0.1706,0.1706,25875
320,320,1694496000000,0.1706,0.1707,0.1706,0.1707,6719
321,321,1694496060000,0.1707,0.1708,0.1706,0.1707,30899
322,322,1694496120000,0.1707,0.1707,0.1706,0.1706,7025
323,323,1694496180000,0.1707,0.1708,0.1706,0.1708,28200
324,324,1694496240000,0.1708,0.1708,0.1707,0.1707,14271
325,325,1694496300000,0.1708,0.1708,0.1706,0.1706,9456
326,326,1694496360000,0.1707,0.1708,0.1705,0.1705,39984
327,327,1694496420000,0.1706,0.1706,0.1705,0.1705,21781
328,328,1694496480000,0.1705,0.1706,0.1705,0.1705,4969
329,329,1694496540000,0.1705,0.1705,0.1704,0.1704,20215
330,330,1694496600000,0.1704,0.1705,0.1704,0.1704,6607
331,331,1694496660000,0.1704,0.1708,0.1704,0.1706,107256
332,332,1694496720000,0.1705,0.1707,0.1703,0.1707,225509
333,333,1694496780000,0.1707,0.1709,0.1707,0.1708,67186
334,334,1694496840000,0.1709,0.1711,0.1708,0.1711,23069
335,335,1694496900000,0.1711,0.1713,0.1709,0.1713,127781
336,336,1694496960000,0.1714,0.1714,0.1711,0.1711,61007
337,337,1694497020000,0.1711,0.1711,0.1708,0.1709,35901
338,338,1694497080000,0.171,0.171,0.171,0.171,7407
339,339,1694497140000,0.1709,0.171,0.1708,0.1709,49881
340,340,1694497200000,0.1708,0.1709,0.1706,0.1706,36894
341,341,1694497260000,0.1706,0.1707,0.1706,0.1706,19278
342,342,1694497320000,0.1707,0.1707,0.1706,0.1706,51787
343,343,1694497380000,0.1706,0.1707,0.1706,0.1707,3858
344,344,1694497440000,0.1707,0.1707,0.1706,0.1706,42344
345,345,1694497500000,0.1706,0.171,0.1706,0.171,154180
346,346,1694497560000,0.171,0.1711,0.171,0.171,21898
347,347,1694497620000,0.1711,0.1712,0.171,0.171,41208
348,348,1694497680000,0.171,0.1714,0.171,0.1712,84884
349,349,1694497740000,0.1713,0.1714,0.1713,0.1714,2363
350,350,1694497800000,0.1713,0.1714,0.1713,0.1714,5442
351,351,1694497860000,0.1713,0.1713,0.1713,0.1713,23840
352,352,1694497920000,0.1712,0.1712,0.1712,0.1712,22524
353,353,1694497980000,0.1712,0.1714,0.1711,0.1713,39510
354,354,1694498040000,0.1714,0.1715,0.1714,0.1714,43523
355,355,1694498100000,0.1714,0.1715,0.1712,0.1713,17783
356,356,1694498160000,0.1712,0.1713,0.1712,0.1713,47406
357,357,1694498220000,0.1713,0.1716,0.1713,0.1716,64865
358,358,1694498280000,0.1716,0.1719,0.1716,0.1718,140380
359,359,1694498340000,0.1717,0.1718,0.1717,0.1718,7975
360,360,1694498400000,0.1718,0.1721,0.1717,0.1718,157152
361,361,1694498460000,0.1718,0.1721,0.1717,0.172,40286
362,362,1694498520000,0.172,0.1723,0.1719,0.1719,77863
363,363,1694498580000,0.1719,0.172,0.1716,0.1718,33886
364,364,1694498640000,0.1717,0.1718,0.1717,0.1718,15860
365,365,1694498700000,0.1717,0.1717,0.1715,0.1716,49043
366,366,1694498760000,0.1716,0.1717,0.1714,0.1717,33444
367,367,1694498820000,0.1717,0.1717,0.1716,0.1716,24099
368,368,1694498880000,0.1716,0.1716,0.1716,0.1716,337
369,369,1694498940000,0.1717,0.1719,0.1717,0.1717,153679
370,370,1694499000000,0.1717,0.1717,0.1716,0.1716,26265
371,371,1694499060000,0.1716,0.1716,0.1715,0.1716,14555
372,372,1694499120000,0.1717,0.1717,0.1715,0.1715,8411
373,373,1694499180000,0.1715,0.1715,0.1714,0.1715,55014
374,374,1694499240000,0.1714,0.1714,0.1711,0.1713,252586
375,375,1694499300000,0.1714,0.1714,0.171,0.171,52010
376,376,1694499360000,0.171,0.1711,0.1709,0.1711,88928
377,377,1694499420000,0.171,0.171,0.1709,0.1709,10848
378,378,1694499480000,0.1709,0.1711,0.1708,0.1709,68878
379,379,1694499540000,0.1708,0.1708,0.1708,0.1708,3204
380,380,1694499600000,0.1709,0.1709,0.1708,0.1709,7384
381,381,1694499660000,0.171,0.1712,0.171,0.1712,43639
382,382,1694499720000,0.1713,0.1713,0.1712,0.1712,36159
383,383,1694499780000,0.1713,0.1713,0.1712,0.1712,19849
384,384,1694499840000,0.1713,0.1716,0.1713,0.1713,66914
385,385,1694499900000,0.1713,0.1716,0.1713,0.1716,63210
386,386,1694499960000,0.1715,0.1717,0.1715,0.1716,45616
387,387,1694500020000,0.1715,0.1715,0.1713,0.1714,28875
388,388,1694500080000,0.1714,0.1717,0.1714,0.1716,40122
389,389,1694500140000,0.1716,0.1717,0.1716,0.1716,7554
390,390,1694500200000,0.1716,0.1717,0.1716,0.1716,10792
391,391,1694500260000,0.1716,0.1716,0.1712,0.1714,43485
392,392,1694500320000,0.1714,0.1716,0.1713,0.1714,32675
393,393,1694500380000,0.1715,0.1715,0.1715,0.1715,2953
394,394,1694500440000,0.1716,0.1717,0.1716,0.1717,32962
395,395,1694500500000,0.1717,0.1718,0.1717,0.1717,7116
396,396,1694500560000,0.1717,0.1718,0.1713,0.1713,32967
397,397,1694500620000,0.1713,0.1715,0.1713,0.1714,7248
398,398,1694500680000,0.1714,0.1714,0.1713,0.1713,11950
399,399,1694500740000,0.1713,0.1713,0.1713,0.1713,24748
400,400,1694500800000,0.1714,0.1714,0.1713,0.1713,11218
401,401,1694500860000,0.1713,0.1713,0.1713,0.1713,12002
402,402,1694500920000,0.1713,0.1714,0.1709,0.1711,99088
403,403,1694500980000,0.1711,0.1712,0.171,0.171,14570
404,404,1694501040000,0.1711,0.1712,0.1709,0.1712,32370
405,405,1694501100000,0.1713,0.1713,0.1712,0.1712,18543
406,406,1694501160000,0.1712,0.1712,0.1709,0.1709,36428
407,407,1694501220000,0.171,0.171,0.1709,0.1709,4842
408,408,1694501280000,0.171,0.1711,0.171,0.171,17841
409,409,1694501340000,0.171,0.171,0.1708,0.1709,30532
410,410,1694501400000,0.171,0.1711,0.171,0.1711,38886
411,411,1694501460000,0.1712,0.1712,0.1712,0.1712,1988
412,412,1694501520000,0.1712,0.1713,0.171,0.171,23599
413,413,1694501580000,0.1709,0.171,0.1709,0.1709,6122
414,414,1694501640000,0.1709,0.1709,0.1707,0.1708,9299
415,415,1694501700000,0.1709,0.1709,0.1706,0.1707,26634
416,416,1694501760000,0.1708,0.1709,0.1707,0.1707,22821
417,417,1694501820000,0.1708,0.1708,0.1707,0.1707,13653
418,418,1694501880000,0.1708,0.1709,0.1707,0.1707,39911
419,419,1694501940000,0.1706,0.1706,0.1706,0.1706,975
420,420,1694502000000,0.1707,0.1712,0.1707,0.1712,78539
421,421,1694502060000,0.1712,0.1713,0.1711,0.1712,33805
422,422,1694502120000,0.1713,0.1714,0.1712,0.1713,29535
423,423,1694502180000,0.1714,0.1714,0.1713,0.1713,8303
424,424,1694502240000,0.1713,0.1713,0.1712,0.1713,24336
425,425,1694502300000,0.1714,0.1714,0.1713,0.1713,13366
426,426,1694502360000,0.1714,0.1715,0.1714,0.1714,151267
427,427,1694502420000,0.1714,0.1715,0.1714,0.1714,9477
428,428,1694502480000,0.1713,0.1714,0.1713,0.1714,4670
429,429,1694502540000,0.1713,0.1713,0.1713,0.1713,10385
430,430,1694502600000,0.1713,0.1714,0.1712,0.1712,38137
431,431,1694502660000,0.1712,0.1712,0.1706,0.1706,104446
432,432,1694502720000,0.1707,0.1709,0.1707,0.1707,63181
433,433,1694502780000,0.1707,0.1707,0.1703,0.1705,114576
434,434,1694502840000,0.1706,0.1707,0.1706,0.1706,27650
435,435,1694502900000,0.1706,0.1707,0.1706,0.1707,12770
436,436,1694502960000,0.1707,0.1707,0.1705,0.1705,16508
437,437,1694503020000,0.1705,0.1706,0.1705,0.1705,13504
438,438,1694503080000,0.1704,0.1706,0.1704,0.1706,27969
439,439,1694503140000,0.1706,0.1706,0.1704,0.1705,25211
440,440,1694503200000,0.1705,0.1706,0.1705,0.1706,3726
441,441,1694503260000,0.1707,0.1708,0.1707,0.1708,37734
442,442,1694503320000,0.1708,0.1709,0.1707,0.1709,56017
443,443,1694503380000,0.1708,0.1709,0.1708,0.1708,23943
444,444,1694503440000,0.1707,0.1707,0.1707,0.1707,13874
445,445,1694503500000,0.1707,0.1707,0.1706,0.1706,15646
446,446,1694503560000,0.1706,0.1706,0.1704,0.1704,68710
447,447,1694503620000,0.1705,0.1706,0.1704,0.1706,33062
448,448,1694503680000,0.1705,0.1706,0.1705,0.1706,16572
449,449,1694503740000,0.1706,0.1706,0.1706,0.1706,9722
450,450,1694503800000,0.1706,0.1707,0.1705,0.1707,23562
451,451,1694503860000,0.1707,0.1709,0.1707,0.1709,70689
452,452,1694503920000,0.1709,0.171,0.1709,0.171,1983
453,453,1694503980000,0.1711,0.1714,0.1711,0.1713,42505
454,454,1694504040000,0.1713,0.1713,0.1712,0.1712,12281
455,455,1694504100000,0.1713,0.1715,0.1713,0.1715,62155
456,456,1694504160000,0.1715,0.1717,0.1715,0.1717,27215
457,457,1694504220000,0.1717,0.1718,0.1716,0.1718,73943
458,458,1694504280000,0.1718,0.1718,0.1716,0.1716,31180
459,459,1694504340000,0.1716,0.1716,0.1715,0.1715,34732
460,460,1694504400000,0.1715,0.1716,0.1714,0.1716,16780
461,461,1694504460000,0.1716,0.1717,0.1716,0.1716,23152
462,462,1694504520000,0.1716,0.1722,0.1716,0.1722,147061
463,463,1694504580000,0.1721,0.1723,0.1721,0.1721,37363
464,464,1694504640000,0.1721,0.1721,0.1719,0.172,16621
465,465,1694504700000,0.1719,0.1721,0.1718,0.1721,106712
466,466,1694504760000,0.1721,0.1722,0.172,0.1722,62466
467,467,1694504820000,0.1721,0.1723,0.1721,0.1723,57296
468,468,1694504880000,0.1723,0.1725,0.1723,0.1723,88923
469,469,1694504940000,0.1722,0.1725,0.1722,0.1723,36231
470,470,1694505000000,0.1722,0.1722,0.1719,0.1721,37127
471,471,1694505060000,0.1721,0.1722,0.172,0.1721,89100
472,472,1694505120000,0.1722,0.1722,0.172,0.172,71699
473,473,1694505180000,0.172,0.1721,0.1707,0.171,1043906
474,474,1694505240000,0.1711,0.1713,0.171,0.1713,134204
475,475,1694505300000,0.1714,0.1714,0.1712,0.1712,35618
476,476,1694505360000,0.1713,0.1713,0.1711,0.1711,40988
477,477,1694505420000,0.1711,0.1714,0.1711,0.1713,22405
478,478,1694505480000,0.1713,0.1715,0.1713,0.1714,34321
479,479,1694505540000,0.1713,0.1715,0.1713,0.1714,37107
480,480,1694505600000,0.1713,0.1716,0.1713,0.1714,99771
481,481,1694505660000,0.1714,0.1715,0.1712,0.1713,51090
482,482,1694505720000,0.1713,0.1717,0.1713,0.1715,139935
483,483,1694505780000,0.1715,0.1716,0.1714,0.1715,62256
484,484,1694505840000,0.1714,0.1715,0.1713,0.1715,82182
485,485,1694505900000,0.1714,0.1717,0.1714,0.1717,152906
486,486,1694505960000,0.1717,0.1717,0.1713,0.1715,158237
487,487,1694506020000,0.1715,0.1717,0.1715,0.1715,52994
488,488,1694506080000,0.1715,0.1717,0.1715,0.1717,9596
489,489,1694506140000,0.1717,0.1718,0.1717,0.1717,52336
490,490,1694506200000,0.1717,0.1718,0.1715,0.1715,27788
491,491,1694506260000,0.1715,0.1715,0.1715,0.1715,1111
492,492,1694506320000,0.1715,0.1719,0.1715,0.1719,59060
493,493,1694506380000,0.1719,0.172,0.1718,0.1719,32361
494,494,1694506440000,0.172,0.1721,0.172,0.1721,33318
495,495,1694506500000,0.1721,0.1727,0.1721,0.1727,61718
496,496,1694506560000,0.1727,0.1729,0.1726,0.1728,89931
497,497,1694506620000,0.1727,0.1729,0.1727,0.1729,53862
498,498,1694506680000,0.1728,0.1729,0.1727,0.1729,70533
499,499,1694506740000,0.173,0.173,0.1727,0.1727,89609
500,500,1694506800000,0.1727,0.1728,0.1726,0.1728,54949
501,501,1694506860000,0.1728,0.1728,0.1724,0.1724,37304
502,502,1694506920000,0.1725,0.1726,0.1724,0.1725,77090
503,503,1694506980000,0.1725,0.1725,0.1724,0.1724,3796
504,504,1694507040000,0.1725,0.1727,0.1725,0.1727,25541
505,505,1694507100000,0.1726,0.1726,0.1724,0.1724,16782
506,506,1694507160000,0.1724,0.1725,0.1724,0.1725,1039
507,507,1694507220000,0.1724,0.1724,0.1722,0.1724,30117
508,508,1694507280000,0.1723,0.1723,0.1721,0.1722,40662
509,509,1694507340000,0.1722,0.1722,0.1721,0.1722,9460
510,510,1694507400000,0.1722,0.1724,0.1722,0.1724,57150
511,511,1694507460000,0.1724,0.1725,0.1724,0.1725,33036
512,512,1694507520000,0.1724,0.1726,0.1724,0.1725,27412
513,513,1694507580000,0.1725,0.1725,0.1724,0.1724,16118
514,514,1694507640000,0.1724,0.1724,0.1724,0.1724,0
515,515,1694507700000,0.1724,0.1724,0.1724,0.1724,0
516,516,1694507760000,0.1724,0.1724,0.1724,0.1724,0
517,517,1694507820000,0.1724,0.1724,0.1724,0.1724,0
518,518,1694507880000,0.1724,0.1724,0.1724,0.1724,0
519,519,1694507940000,0.1724,0.1724,0.1724,0.1724,0
520,520,1694508000000,0.1724,0.1724,0.1724,0.1724,0
521,521,1694508060000,0.1724,0.1724,0.1724,0.1724,0
522,522,1694508120000,0.1724,0.1724,0.1724,0.1724,0
523,523,1694508180000,0.1724,0.1724,0.1724,0.1724,0
524,524,1694508240000,0.1724,0.1724,0.1724,0.1724,0
525,525,1694508300000,0.1724,0.1724,0.1724,0.1724,0
526,526,1694508360000,0.1724,0.1724,0.1724,0.1724,0
527,527,1694508420000,0.1724,0.1724,0.1724,0.1724,0
528,528,1694508480000,0.1724,0.1724,0.1724,0.1724,0
529,529,1694508540000,0.1724,0.1724,0.1724,0.1724,0
530,530,1694508600000,0.1724,0.1724,0.1724,0.1724,0
531,531,1694508660000,0.1724,0.1724,0.1724,0.1724,0
532,532,1694508720000,0.1724,0.1724,0.1724,0.1724,0
533,533,1694508780000,0.1724,0.1724,0.1718,0.172,443302
534,534,1694508840000,0.172,0.1721,0.1717,0.1718,77132
535,535,1694508900000,0.1717,0.1717,0.1712,0.1713,209946
536,536,1694508960000,0.1714,0.1717,0.1712,0.1716,125707
537,537,1694509020000,0.1716,0.1717,0.1714,0.1715,42900
538,538,1694509080000,0.1715,0.1717,0.1713,0.1713,46719
539,539,1694509140000,0.1713,0.1714,0.1711,0.1713,80881
540,540,1694509200000,0.1713,0.1715,0.1712,0.1712,129968
541,541,1694509260000,0.1712,0.1714,0.1712,0.1714,135893
542,542,1694509320000,0.1715,0.1716,0.1713,0.1713,129831
543,543,1694509380000,0.1713,0.1714,0.171,0.1711,160544
544,544,1694509440000,0.171,0.171,0.1708,0.1709,75014
545,545,1694509500000,0.1709,0.1712,0.1708,0.1712,151508
546,546,1694509560000,0.1711,0.1711,0.171,0.171,39527
547,547,1694509620000,0.171,0.1712,0.171,0.1711,5208
548,548,1694509680000,0.1711,0.1713,0.1711,0.1713,66246
549,549,1694509740000,0.1714,0.1714,0.1712,0.1714,137015
550,550,1694509800000,0.1714,0.1716,0.1713,0.1713,156640
551,551,1694509860000,0.1713,0.1713,0.1709,0.1709,51394
552,552,1694509920000,0.1709,0.1709,0.1708,0.1708,8436
553,553,1694509980000,0.1708,0.1712,0.1707,0.1712,116209
554,554,1694510040000,0.1712,0.1713,0.1712,0.1712,59340
555,555,1694510100000,0.1712,0.1714,0.1712,0.1713,23385
556,556,1694510160000,0.1714,0.1715,0.1712,0.1715,63093
557,557,1694510220000,0.1714,0.1717,0.1714,0.1717,88345
558,558,1694510280000,0.1717,0.1717,0.1715,0.1717,20465
559,559,1694510340000,0.1717,0.1717,0.1716,0.1716,19485
560,560,1694510400000,0.1716,0.1717,0.1715,0.1716,14340
561,561,1694510460000,0.1716,0.1716,0.1715,0.1716,14293
562,562,1694510520000,0.1717,0.1717,0.1715,0.1715,50678
563,563,1694510580000,0.1716,0.1718,0.1716,0.1716,59600
564,564,1694510640000,0.1717,0.1717,0.1715,0.1716,5588
565,565,1694510700000,0.1716,0.1717,0.1715,0.1716,10571
566,566,1694510760000,0.1717,0.1718,0.1717,0.1718,15887
567,567,1694510820000,0.1718,0.172,0.1718,0.172,15258
568,568,1694510880000,0.172,0.172,0.1719,0.1719,11228
569,569,1694510940000,0.1719,0.1721,0.1719,0.1719,9062
570,570,1694511000000,0.1719,0.172,0.1719,0.1719,20593
571,571,1694511060000,0.1719,0.1719,0.1718,0.1718,12896
572,572,1694511120000,0.1718,0.1718,0.1716,0.1716,57096
573,573,1694511180000,0.1717,0.1718,0.1715,0.1715,59547
574,574,1694511240000,0.1716,0.1717,0.1716,0.1717,15585
575,575,1694511300000,0.1717,0.1718,0.1717,0.1718,33220
576,576,1694511360000,0.1719,0.172,0.1719,0.172,6954
577,577,1694511420000,0.172,0.1721,0.1719,0.1719,14576
578,578,1694511480000,0.1719,0.172,0.1719,0.172,3679
579,579,1694511540000,0.172,0.1721,0.1719,0.172,6374
580,580,1694511600000,0.172,0.1722,0.172,0.1722,30814
581,581,1694511660000,0.1722,0.1722,0.1721,0.1722,24762
582,582,1694511720000,0.1721,0.1722,0.1721,0.1722,7595
583,583,1694511780000,0.1722,0.1722,0.1721,0.1721,25287
584,584,1694511840000,0.172,0.1721,0.172,0.1721,14353
585,585,1694511900000,0.1721,0.1724,0.1721,0.1723,41035
586,586,1694511960000,0.1723,0.1727,0.1723,0.1725,33663
587,587,1694512020000,0.1726,0.1727,0.1725,0.1725,24374
588,588,1694512080000,0.1725,0.1726,0.1724,0.1725,80624
589,589,1694512140000,0.1725,0.1725,0.1725,0.1725,10392
590,590,1694512200000,0.1725,0.1726,0.1724,0.1725,14103
591,591,1694512260000,0.1725,0.1725,0.1725,0.1725,18051
592,592,1694512320000,0.1726,0.1726,0.1724,0.1724,20528
593,593,1694512380000,0.1723,0.1725,0.1723,0.1724,9675
594,594,1694512440000,0.1724,0.1726,0.1724,0.1726,21633
595,595,1694512500000,0.1726,0.1726,0.1725,0.1725,23721
596,596,1694512560000,0.1726,0.1727,0.1726,0.1727,6206
597,597,1694512620000,0.1727,0.173,0.1727,0.173,145253
598,598,1694512680000,0.1729,0.1731,0.1729,0.173,43255
599,599,1694512740000,0.1729,0.173,0.1728,0.1729,16325
600,600,1694512800000,0.1729,0.173,0.1728,0.1728,20879
601,601,1694512860000,0.1729,0.1729,0.1725,0.1726,58168
602,602,1694512920000,0.1726,0.1726,0.1725,0.1725,16095
603,603,1694512980000,0.1725,0.1727,0.1725,0.1726,31463
604,604,1694513040000,0.1725,0.1725,0.1724,0.1725,10173
605,605,1694513100000,0.1725,0.1725,0.1724,0.1725,4820
606,606,1694513160000,0.1724,0.1724,0.1723,0.1724,29806
607,607,1694513220000,0.1724,0.1724,0.1722,0.1723,12255
608,608,1694513280000,0.1724,0.1724,0.1723,0.1724,7923
609,609,1694513340000,0.1723,0.1725,0.1723,0.1725,18737
610,610,1694513400000,0.1726,0.1727,0.1726,0.1727,79605
611,611,1694513460000,0.1727,0.1727,0.1726,0.1727,15379
612,612,1694513520000,0.1727,0.1728,0.1726,0.1727,19218
613,613,1694513580000,0.1727,0.1727,0.1726,0.1726,6965
614,614,1694513640000,0.1727,0.1729,0.1727,0.1727,21481
615,615,1694513700000,0.1728,0.1729,0.1727,0.1727,20165
616,616,1694513760000,0.1728,0.1728,0.1728,0.1728,3084
617,617,1694513820000,0.1728,0.1731,0.1728,0.173,30489
618,618,1694513880000,0.173,0.1734,0.173,0.1734,46052
619,619,1694513940000,0.1734,0.1735,0.1733,0.1735,66574
620,620,1694514000000,0.1734,0.1736,0.1733,0.1735,32813
621,621,1694514060000,0.1735,0.176,0.1733,0.1752,1073602
622,622,1694514120000,0.1753,0.1768,0.1747,0.1758,1069311
623,623,1694514180000,0.1757,0.1758,0.1752,0.1754,303728
624,624,1694514240000,0.1754,0.176,0.1753,0.1754,325109
625,625,1694514300000,0.1755,0.1756,0.1751,0.1752,359449
626,626,1694514360000,0.1752,0.1753,0.1745,0.1746,362940
627,627,1694514420000,0.1744,0.1749,0.1742,0.1748,421830
628,628,1694514480000,0.1748,0.1749,0.1743,0.1747,252371
629,629,1694514540000,0.1747,0.175,0.1747,0.1749,145399
630,630,1694514600000,0.1749,0.1752,0.1745,0.1745,264931
631,631,1694514660000,0.1745,0.1745,0.1739,0.1741,210073
632,632,1694514720000,0.1741,0.1746,0.1741,0.1743,136326
633,633,1694514780000,0.1743,0.1745,0.1743,0.1743,167812
634,634,1694514840000,0.1744,0.1745,0.1741,0.1743,96992
635,635,1694514900000,0.1742,0.1744,0.1739,0.1743,145210
636,636,1694514960000,0.1743,0.1746,0.1741,0.1743,202458
637,637,1694515020000,0.1743,0.1743,0.1738,0.1738,66275
638,638,1694515080000,0.1738,0.1741,0.1738,0.174,67014
639,639,1694515140000,0.174,0.174,0.1738,0.1739,83438
640,640,1694515200000,0.174,0.174,0.1738,0.1738,45879
641,641,1694515260000,0.1738,0.1741,0.1737,0.174,60740
642,642,1694515320000,0.174,0.1741,0.174,0.1741,20074
643,643,1694515380000,0.1741,0.1743,0.174,0.1741,46195
644,644,1694515440000,0.174,0.174,0.1738,0.1738,54562
645,645,1694515500000,0.1738,0.174,0.1735,0.1736,113432
646,646,1694515560000,0.1736,0.1736,0.1733,0.1735,54993
647,647,1694515620000,0.1736,0.1736,0.1733,0.1734,19184
648,648,1694515680000,0.1734,0.1735,0.1733,0.1734,51934
649,649,1694515740000,0.1735,0.1737,0.1735,0.1737,27221
650,650,1694515800000,0.1737,0.1739,0.1737,0.1739,43498
651,651,1694515860000,0.1739,0.1739,0.1736,0.1738,29919
652,652,1694515920000,0.1739,0.1741,0.1739,0.1739,31295
653,653,1694515980000,0.174,0.1741,0.174,0.174,4067
654,654,1694516040000,0.174,0.174,0.1739,0.1739,35774
655,655,1694516100000,0.174,0.1741,0.174,0.1741,24751
656,656,1694516160000,0.174,0.1741,0.174,0.1741,40301
657,657,1694516220000,0.1741,0.1741,0.1738,0.1739,60788
658,658,1694516280000,0.1739,0.174,0.1738,0.174,13326
659,659,1694516340000,0.1739,0.174,0.1739,0.174,2354
660,660,1694516400000,0.174,0.1741,0.1739,0.174,26074
661,661,1694516460000,0.174,0.174,0.1736,0.1736,65741
662,662,1694516520000,0.1737,0.1738,0.1736,0.1736,29458
663,663,1694516580000,0.1737,0.1738,0.1735,0.1736,99837
664,664,1694516640000,0.1736,0.1736,0.1734,0.1735,68300
665,665,1694516700000,0.1736,0.1738,0.1736,0.1738,47753
666,666,1694516760000,0.1738,0.1739,0.1737,0.1738,20224
667,667,1694516820000,0.1739,0.1739,0.1735,0.1735,37562
668,668,1694516880000,0.1736,0.1737,0.1735,0.1736,17593
669,669,1694516940000,0.1736,0.1737,0.1736,0.1737,21312
670,670,1694517000000,0.1737,0.1739,0.1736,0.1738,34175
671,671,1694517060000,0.1738,0.1739,0.1736,0.1736,38106
672,672,1694517120000,0.1737,0.1738,0.1736,0.1738,34237
673,673,1694517180000,0.1738,0.1739,0.1735,0.1736,30715
674,674,1694517240000,0.1735,0.1735,0.1733,0.1733,49592
675,675,1694517300000,0.1734,0.1734,0.173,0.1734,147942
676,676,1694517360000,0.1735,0.1735,0.1732,0.1732,30372
677,677,1694517420000,0.1732,0.1732,0.1731,0.1731,16433
678,678,1694517480000,0.173,0.173,0.1728,0.1728,17927
679,679,1694517540000,0.1729,0.173,0.1729,0.1729,8892
680,680,1694517600000,0.173,0.1732,0.173,0.1732,117814
681,681,1694517660000,0.1731,0.1732,0.173,0.1731,35524
682,682,1694517720000,0.1731,0.1731,0.1729,0.1731,20892
683,683,1694517780000,0.1731,0.1731,0.1729,0.1729,9867
684,684,1694517840000,0.1729,0.173,0.1729,0.173,6214
685,685,1694517900000,0.173,0.1733,0.1729,0.1732,72448
686,686,1694517960000,0.1731,0.1732,0.1729,0.173,242878
687,687,1694518020000,0.173,0.1731,0.173,0.173,46401
688,688,1694518080000,0.173,0.1732,0.173,0.1732,8966
689,689,1694518140000,0.1732,0.1732,0.173,0.173,8604
690,690,1694518200000,0.173,0.1731,0.1729,0.173,124760
691,691,1694518260000,0.1729,0.1729,0.1729,0.1729,15532
692,692,1694518320000,0.1728,0.1728,0.1726,0.1728,16368
693,693,1694518380000,0.1728,0.1728,0.1726,0.1728,18190
694,694,1694518440000,0.1729,0.1729,0.1727,0.1727,52249
695,695,1694518500000,0.1727,0.1729,0.1727,0.1729,40181
696,696,1694518560000,0.1729,0.1729,0.1727,0.1728,17948
697,697,1694518620000,0.1729,0.1729,0.1727,0.1727,53189
698,698,1694518680000,0.1728,0.1728,0.1725,0.1725,94843
699,699,1694518740000,0.1726,0.1726,0.1725,0.1725,3470
700,700,1694518800000,0.1726,0.1727,0.1725,0.1727,15798
701,701,1694518860000,0.1727,0.1727,0.1725,0.1727,15342
702,702,1694518920000,0.1727,0.1727,0.1726,0.1726,1972
703,703,1694518980000,0.1727,0.1727,0.1724,0.1725,124683
704,704,1694519040000,0.1726,0.1726,0.1726,0.1726,14163
705,705,1694519100000,0.1726,0.1726,0.1725,0.1725,5340
706,706,1694519160000,0.1726,0.1728,0.1726,0.1728,21269
707,707,1694519220000,0.1728,0.1728,0.1725,0.1725,15995
708,708,1694519280000,0.1726,0.1727,0.1726,0.1727,8452
709,709,1694519340000,0.1727,0.1728,0.1727,0.1727,3632
710,710,1694519400000,0.1726,0.1726,0.1725,0.1725,6876
711,711,1694519460000,0.1726,0.1727,0.1726,0.1727,11452
712,712,1694519520000,0.1728,0.1728,0.1727,0.1727,5819
713,713,1694519580000,0.1728,0.1728,0.1727,0.1728,4995
714,714,1694519640000,0.1728,0.1728,0.1728,0.1728,1005
715,715,1694519700000,0.1727,0.1728,0.1727,0.1728,2435
716,716,1694519760000,0.1728,0.1729,0.1728,0.1729,7351
717,717,1694519820000,0.1728,0.1728,0.1727,0.1727,30596
718,718,1694519880000,0.1726,0.1728,0.1726,0.1728,1549
719,719,1694519940000,0.1727,0.1727,0.1726,0.1727,15426
720,720,1694520000000,0.1728,0.173,0.1727,0.1729,27089
721,721,1694520060000,0.1728,0.1729,0.1727,0.1728,4317
722,722,1694520120000,0.1728,0.1728,0.1727,0.1728,9903
723,723,1694520180000,0.1728,0.1729,0.1728,0.1728,2584
724,724,1694520240000,0.1728,0.1729,0.1727,0.1727,26507
725,725,1694520300000,0.1728,0.1729,0.1727,0.1729,15095
726,726,1694520360000,0.173,0.173,0.1728,0.1729,47124
727,727,1694520420000,0.1729,0.1731,0.1729,0.1731,11286
728,728,1694520480000,0.1731,0.1731,0.173,0.1731,46050
729,729,1694520540000,0.173,0.1732,0.173,0.1732,71509
730,730,1694520600000,0.1732,0.1733,0.1731,0.1733,82501
731,731,1694520660000,0.1732,0.1733,0.1732,0.1733,94993
732,732,1694520720000,0.1734,0.1736,0.1734,0.1735,62269
733,733,1694520780000,0.1735,0.1736,0.1735,0.1735,80947
734,734,1694520840000,0.1735,0.1735,0.1735,0.1735,38480
735,735,1694520900000,0.1734,0.1736,0.1734,0.1734,35568
736,736,1694520960000,0.1735,0.1735,0.1728,0.1728,67256
737,737,1694521020000,0.1727,0.1729,0.1725,0.1728,204799
738,738,1694521080000,0.1728,0.1728,0.1725,0.1727,54863
739,739,1694521140000,0.1727,0.1728,0.1725,0.1725,65625
740,740,1694521200000,0.1724,0.1724,0.1721,0.1723,92856
741,741,1694521260000,0.1723,0.1723,0.1721,0.1723,103174
742,742,1694521320000,0.1723,0.1725,0.1723,0.1725,34414
743,743,1694521380000,0.1725,0.1725,0.1724,0.1724,11513
744,744,1694521440000,0.1724,0.1725,0.1724,0.1725,20772
745,745,1694521500000,0.1724,0.1724,0.1722,0.1723,62960
746,746,1694521560000,0.1724,0.1725,0.1724,0.1724,31779
747,747,1694521620000,0.1725,0.1727,0.1725,0.1726,31516
748,748,1694521680000,0.1726,0.1727,0.1725,0.1726,76335
749,749,1694521740000,0.1727,0.1727,0.1725,0.1725,43117
750,750,1694521800000,0.1725,0.1726,0.1724,0.1726,57996
751,751,1694521860000,0.1726,0.1726,0.1722,0.1723,38733
752,752,1694521920000,0.1724,0.1728,0.1724,0.1728,80187
753,753,1694521980000,0.1728,0.1729,0.1727,0.1729,66947
754,754,1694522040000,0.1729,0.1729,0.1728,0.1728,12818
755,755,1694522100000,0.1728,0.1729,0.1725,0.1725,33238
756,756,1694522160000,0.1725,0.1725,0.1724,0.1724,13390
757,757,1694522220000,0.1723,0.1724,0.1723,0.1723,4943
758,758,1694522280000,0.1723,0.1724,0.1723,0.1723,16768
759,759,1694522340000,0.1723,0.1726,0.1723,0.1725,34293
760,760,1694522400000,0.1726,0.1728,0.1726,0.1727,12376
761,761,1694522460000,0.1728,0.1728,0.1727,0.1727,37309
762,762,1694522520000,0.1727,0.1727,0.1726,0.1727,20334
763,763,1694522580000,0.1727,0.1728,0.1727,0.1727,28503
764,764,1694522640000,0.1727,0.1728,0.1726,0.1726,77992
765,765,1694522700000,0.1727,0.1728,0.1724,0.1724,57371
766,766,1694522760000,0.1724,0.1726,0.1724,0.1725,26675
767,767,1694522820000,0.1725,0.1726,0.1724,0.1725,34392
768,768,1694522880000,0.1724,0.1724,0.1722,0.1722,33703
769,769,1694522940000,0.1723,0.1723,0.1721,0.1722,40799
770,770,1694523000000,0.1723,0.1724,0.1721,0.1722,97756
771,771,1694523060000,0.1723,0.1723,0.1721,0.1723,5249
772,772,1694523120000,0.1723,0.1724,0.1723,0.1724,7557
773,773,1694523180000,0.1724,0.1727,0.1724,0.1727,25222
774,774,1694523240000,0.1726,0.1726,0.1724,0.1726,26036
775,775,1694523300000,0.1726,0.1727,0.1725,0.1725,12777
776,776,1694523360000,0.1725,0.1726,0.1723,0.1724,15345
777,777,1694523420000,0.1723,0.1723,0.1721,0.1721,17220
778,778,1694523480000,0.1721,0.1723,0.1721,0.1722,21717
779,779,1694523540000,0.1721,0.1723,0.1721,0.1722,54110
780,780,1694523600000,0.1722,0.1723,0.1718,0.1719,80874
781,781,1694523660000,0.1719,0.1721,0.1718,0.1719,70925
782,782,1694523720000,0.172,0.172,0.1717,0.1718,82891
783,783,1694523780000,0.1719,0.1719,0.1715,0.1716,12920
784,784,1694523840000,0.1716,0.1718,0.1716,0.1718,37452
785,785,1694523900000,0.1718,0.172,0.1718,0.172,29467
786,786,1694523960000,0.1721,0.1721,0.172,0.1721,1780
787,787,1694524020000,0.1721,0.1721,0.172,0.172,14794
788,788,1694524080000,0.172,0.1721,0.172,0.1721,26536
789,789,1694524140000,0.1722,0.1722,0.172,0.172,4278
790,790,1694524200000,0.172,0.1721,0.1719,0.1721,40742
791,791,1694524260000,0.1721,0.1721,0.1719,0.1719,20613
792,792,1694524320000,0.1718,0.1719,0.1718,0.1719,6344
793,793,1694524380000,0.1718,0.1719,0.1717,0.1719,22163
794,794,1694524440000,0.1719,0.1721,0.1717,0.172,109643
795,795,1694524500000,0.1719,0.172,0.1716,0.1719,60831
796,796,1694524560000,0.1718,0.1718,0.1713,0.1717,81965
797,797,1694524620000,0.1717,0.1717,0.1715,0.1716,30520
798,798,1694524680000,0.1716,0.1716,0.1713,0.1714,38713
799,799,1694524740000,0.1713,0.1714,0.1711,0.1712,99402
800,800,1694524800000,0.1712,0.1715,0.171,0.1711,251995
801,801,1694524860000,0.1712,0.1714,0.1712,0.1712,44632
802,802,1694524920000,0.1712,0.1713,0.1712,0.1713,22428
803,803,1694524980000,0.1714,0.1714,0.171,0.171,13648
804,804,1694525040000,0.1711,0.1713,0.1711,0.1713,28520
805,805,1694525100000,0.1713,0.1713,0.1711,0.1713,10269
806,806,1694525160000,0.1713,0.1714,0.1713,0.1714,11869
807,807,1694525220000,0.1714,0.1714,0.1714,0.1714,23812
808,808,1694525280000,0.1714,0.1717,0.1714,0.1716,34003
809,809,1694525340000,0.1716,0.1717,0.1716,0.1716,11482
810,810,1694525400000,0.1716,0.1717,0.1715,0.1716,14410
811,811,1694525460000,0.1716,0.1716,0.1715,0.1715,15782
812,812,1694525520000,0.1715,0.1717,0.1713,0.1717,47715
813,813,1694525580000,0.1717,0.1718,0.1716,0.1716,14425
814,814,1694525640000,0.1715,0.1715,0.1713,0.1714,27925
815,815,1694525700000,0.1715,0.1717,0.1715,0.1716,45189
816,816,1694525760000,0.1716,0.1718,0.1716,0.1718,46108
817,817,1694525820000,0.1719,0.172,0.1719,0.1719,41897
818,818,1694525880000,0.172,0.172,0.1719,0.1719,26575
819,819,1694525940000,0.1718,0.1721,0.1718,0.172,15823
820,820,1694526000000,0.172,0.1723,0.172,0.1723,46777
821,821,1694526060000,0.1723,0.1725,0.1722,0.1725,39792
822,822,1694526120000,0.1725,0.1728,0.1725,0.1727,22767
823,823,1694526180000,0.1727,0.1727,0.1725,0.1725,12593
824,824,1694526240000,0.1725,0.1725,0.1725,0.1725,16523
825,825,1694526300000,0.1726,0.1726,0.1723,0.1723,34781
826,826,1694526360000,0.1723,0.1727,0.1723,0.1726,37281
827,827,1694526420000,0.1727,0.1729,0.1725,0.1727,168046
828,828,1694526480000,0.1727,0.1728,0.1727,0.1728,9823
829,829,1694526540000,0.1729,0.1729,0.1727,0.1727,20554
830,830,1694526600000,0.1727,0.1727,0.1724,0.1724,52590
831,831,1694526660000,0.1725,0.1727,0.1725,0.1727,22554
832,832,1694526720000,0.1726,0.1726,0.1725,0.1725,15205
833,833,1694526780000,0.1725,0.1727,0.1725,0.1727,30567
834,834,1694526840000,0.1727,0.1729,0.1725,0.1729,89744
835,835,1694526900000,0.1728,0.1729,0.1725,0.1726,51293
836,836,1694526960000,0.1726,0.1726,0.1725,0.1726,12086
837,837,1694527020000,0.1727,0.1729,0.1727,0.1728,44898
838,838,1694527080000,0.1729,0.1733,0.1729,0.1732,96462
839,839,1694527140000,0.1731,0.1733,0.1731,0.1732,25387
840,840,1694527200000,0.1731,0.1732,0.173,0.1731,16620
841,841,1694527260000,0.1732,0.1737,0.1732,0.1734,203606
842,842,1694527320000,0.1735,0.1736,0.173,0.1731,101012
843,843,1694527380000,0.1731,0.1732,0.1726,0.1726,90125
844,844,1694527440000,0.1725,0.1727,0.1724,0.1725,52556
845,845,1694527500000,0.1725,0.1726,0.1724,0.1725,31620
846,846,1694527560000,0.1726,0.1726,0.1722,0.1724,49177
847,847,1694527620000,0.1724,0.1724,0.1723,0.1724,45734
848,848,1694527680000,0.1725,0.1725,0.172,0.1722,66016
849,849,1694527740000,0.1722,0.1724,0.1722,0.1724,9382
850,850,1694527800000,0.1724,0.1724,0.1722,0.1722,24111
851,851,1694527860000,0.1722,0.1724,0.172,0.1724,53114
852,852,1694527920000,0.1725,0.1726,0.1725,0.1725,29560
853,853,1694527980000,0.1726,0.1727,0.1726,0.1726,13594
854,854,1694528040000,0.1727,0.1728,0.1726,0.1726,17271
855,855,1694528100000,0.1726,0.1727,0.1725,0.1726,29852
856,856,1694528160000,0.1725,0.1726,0.1725,0.1725,9737
857,857,1694528220000,0.1725,0.1726,0.1724,0.1726,24289
858,858,1694528280000,0.1726,0.1727,0.1726,0.1727,21341
859,859,1694528340000,0.1726,0.1728,0.1725,0.1728,63862
860,860,1694528400000,0.1727,0.1728,0.1725,0.1725,25025
861,861,1694528460000,0.1724,0.1724,0.1722,0.1724,37809
862,862,1694528520000,0.1723,0.1725,0.172,0.1724,54388
863,863,1694528580000,0.1724,0.1724,0.1723,0.1724,29831
864,864,1694528640000,0.1724,0.1724,0.1723,0.1723,21705
865,865,1694528700000,0.1723,0.1723,0.1719,0.1719,33202
866,866,1694528760000,0.1719,0.1719,0.1718,0.1718,49909
867,867,1694528820000,0.1719,0.172,0.1715,0.1716,71124
868,868,1694528880000,0.1717,0.1718,0.1716,0.1717,50209
869,869,1694528940000,0.1717,0.1717,0.1715,0.1716,47458
870,870,1694529000000,0.1716,0.1718,0.1716,0.1718,43587
871,871,1694529060000,0.1718,0.172,0.1718,0.1719,14370
872,872,1694529120000,0.1719,0.1719,0.1718,0.1718,12703
873,873,1694529180000,0.1718,0.1721,0.1718,0.172,25199
874,874,1694529240000,0.172,0.1722,0.172,0.1721,36931
875,875,1694529300000,0.1721,0.1723,0.172,0.1722,27048
876,876,1694529360000,0.1721,0.1724,0.1721,0.1723,53955
877,877,1694529420000,0.1723,0.1723,0.172,0.172,19113
878,878,1694529480000,0.1721,0.1721,0.1719,0.1719,27694
879,879,1694529540000,0.1718,0.1719,0.1717,0.1718,17249
880,880,1694529600000,0.1718,0.1718,0.1717,0.1717,16583
881,881,1694529660000,0.1717,0.1718,0.1716,0.1716,140732
882,882,1694529720000,0.1715,0.1715,0.1712,0.1712,144152
883,883,1694529780000,0.1712,0.1713,0.1711,0.1713,17625
884,884,1694529840000,0.1713,0.1713,0.1711,0.1713,40046
885,885,1694529900000,0.1713,0.1714,0.1712,0.1713,107777
886,886,1694529960000,0.1713,0.1715,0.1713,0.1715,30977
887,887,1694530020000,0.1716,0.1719,0.1716,0.1718,39798
888,888,1694530080000,0.1718,0.1719,0.1717,0.1717,82213
889,889,1694530140000,0.1716,0.1716,0.1713,0.1714,74289
890,890,1694530200000,0.1714,0.1715,0.1713,0.1715,21844
891,891,1694530260000,0.1714,0.1715,0.1714,0.1715,64573
892,892,1694530320000,0.1715,0.1717,0.1715,0.1716,47387
893,893,1694530380000,0.1716,0.1718,0.1716,0.1716,14308
894,894,1694530440000,0.1717,0.1717,0.1716,0.1716,22681
895,895,1694530500000,0.1716,0.1718,0.1716,0.1718,20928
896,896,1694530560000,0.1718,0.1718,0.1715,0.1716,43027
897,897,1694530620000,0.1716,0.1716,0.1715,0.1716,12092
898,898,1694530680000,0.1716,0.1718,0.1716,0.1718,33756
899,899,1694530740000,0.1717,0.1718,0.1716,0.1716,23347
900,900,1694530800000,0.1716,0.1717,0.1715,0.1716,30480
901,901,1694530860000,0.1717,0.1718,0.1717,0.1717,26070
902,902,1694530920000,0.1718,0.1719,0.1717,0.1718,58534
903,903,1694530980000,0.1717,0.1717,0.1717,0.1717,6542
904,904,1694531040000,0.1718,0.172,0.1717,0.172,78115
905,905,1694531100000,0.1719,0.172,0.1718,0.1718,64918
906,906,1694531160000,0.1718,0.1719,0.1718,0.1718,13492
907,907,1694531220000,0.1719,0.172,0.1719,0.172,6595
908,908,1694531280000,0.172,0.1721,0.172,0.172,21058
909,909,1694531340000,0.172,0.172,0.1718,0.1718,15299
910,910,1694531400000,0.1719,0.1719,0.1717,0.1717,40851
911,911,1694531460000,0.1717,0.1718,0.1716,0.1716,31525
912,912,1694531520000,0.1716,0.1716,0.1715,0.1716,12182
913,913,1694531580000,0.1716,0.1716,0.1715,0.1715,7071
914,914,1694531640000,0.1715,0.1716,0.1714,0.1716,7361
915,915,1694531700000,0.1716,0.1716,0.1714,0.1716,44729
916,916,1694531760000,0.1716,0.1716,0.1714,0.1716,15315
917,917,1694531820000,0.1716,0.1716,0.1716,0.1716,8191
918,918,1694531880000,0.1717,0.1719,0.1717,0.1719,78245
919,919,1694531940000,0.1719,0.172,0.1719,0.172,13620
920,920,1694532000000,0.172,0.1722,0.1718,0.1719,59523
921,921,1694532060000,0.1718,0.1718,0.1716,0.1717,35483
922,922,1694532120000,0.1716,0.1718,0.1716,0.1718,20265
923,923,1694532180000,0.1718,0.1718,0.1718,0.1718,6747
924,924,1694532240000,0.1718,0.1718,0.1716,0.1716,34360
925,925,1694532300000,0.1716,0.1718,0.1716,0.1718,24277
926,926,1694532360000,0.1719,0.1719,0.1717,0.1719,13460
927,927,1694532420000,0.1719,0.172,0.1717,0.1719,20794
928,928,1694532480000,0.1718,0.1719,0.1717,0.1718,7880
929,929,1694532540000,0.1719,0.172,0.1719,0.172,47844
930,930,1694532600000,0.172,0.1722,0.172,0.172,19002
931,931,1694532660000,0.172,0.172,0.1717,0.1717,30492
932,932,1694532720000,0.1717,0.1718,0.1716,0.1716,37195
933,933,1694532780000,0.1716,0.1717,0.1716,0.1717,8557
934,934,1694532840000,0.1717,0.1717,0.1716,0.1716,5451
935,935,1694532900000,0.1715,0.1716,0.1714,0.1715,32346
936,936,1694532960000,0.1715,0.1716,0.1715,0.1716,20820
937,937,1694533020000,0.1716,0.1716,0.1715,0.1715,4071
938,938,1694533080000,0.1715,0.1716,0.1715,0.1716,4477
939,939,1694533140000,0.1717,0.1718,0.1717,0.1718,21124
940,940,1694533200000,0.1718,0.1718,0.1717,0.1717,17986
941,941,1694533260000,0.1716,0.1717,0.1716,0.1716,22296
942,942,1694533320000,0.1716,0.1716,0.1716,0.1716,5931
943,943,1694533380000,0.1716,0.1717,0.1716,0.1716,7429
944,944,1694533440000,0.1716,0.1717,0.1716,0.1717,22226
945,945,1694533500000,0.1718,0.1719,0.1713,0.1714,42804
946,946,1694533560000,0.1713,0.1715,0.1713,0.1715,123148
947,947,1694533620000,0.1715,0.1716,0.1714,0.1715,23810
948,948,1694533680000,0.1715,0.1716,0.1714,0.1714,23262
949,949,1694533740000,0.1715,0.1716,0.1715,0.1715,20181
950,950,1694533800000,0.1714,0.1716,0.1714,0.1715,5592
951,951,1694533860000,0.1715,0.1716,0.1715,0.1715,15617
952,952,1694533920000,0.1715,0.1715,0.1715,0.1715,8269
953,953,1694533980000,0.1715,0.1716,0.1714,0.1714,25404
954,954,1694534040000,0.1714,0.1715,0.1712,0.1713,39813
955,955,1694534100000,0.1712,0.1714,0.1712,0.1713,47804
956,956,1694534160000,0.1713,0.1713,0.1712,0.1713,10365
957,957,1694534220000,0.1712,0.1715,0.1712,0.1715,21860
958,958,1694534280000,0.1715,0.1715,0.1713,0.1715,23068
959,959,1694534340000,0.1715,0.1716,0.1714,0.1714,29828
960,960,1694534400000,0.1715,0.1716,0.1715,0.1716,16456
961,961,1694534460000,0.1715,0.1715,0.1713,0.1714,36656
962,962,1694534520000,0.1714,0.1715,0.1713,0.1715,50437
963,963,1694534580000,0.1715,0.1715,0.1713,0.1715,63184
964,964,1694534640000,0.1715,0.1717,0.1715,0.1717,51792
965,965,1694534700000,0.1716,0.1717,0.1714,0.1715,53907
966,966,1694534760000,0.1714,0.1719,0.1714,0.1718,88724
967,967,1694534820000,0.1718,0.1718,0.1715,0.1717,65820
968,968,1694534880000,0.1716,0.1717,0.1715,0.1716,71114
969,969,1694534940000,0.1715,0.1715,0.1713,0.1715,40441
970,970,1694535000000,0.1714,0.1714,0.1711,0.1713,188163
971,971,1694535060000,0.1713,0.1713,0.1712,0.1712,29386
972,972,1694535120000,0.1711,0.1712,0.171,0.171,20791
973,973,1694535180000,0.1711,0.1712,0.171,0.171,42838
974,974,1694535240000,0.1709,0.1711,0.1709,0.171,14552
975,975,1694535300000,0.171,0.171,0.171,0.171,9528
976,976,1694535360000,0.1711,0.1711,0.1707,0.1709,120651
977,977,1694535420000,0.1708,0.171,0.1708,0.1709,59532
978,978,1694535480000,0.1709,0.171,0.1708,0.171,11972
979,979,1694535540000,0.171,0.1713,0.171,0.1713,65915
980,980,1694535600000,0.1713,0.1719,0.1713,0.1718,202776
981,981,1694535660000,0.1718,0.1719,0.1716,0.1718,101827
982,982,1694535720000,0.1719,0.172,0.1718,0.1719,55729
983,983,1694535780000,0.1719,0.1721,0.1718,0.1719,61007
984,984,1694535840000,0.1719,0.1719,0.1718,0.1718,8767
985,985,1694535900000,0.1718,0.1721,0.1718,0.1721,48386
986,986,1694535960000,0.1722,0.1722,0.172,0.1721,58210
987,987,1694536020000,0.1722,0.1723,0.1721,0.1723,119932
988,988,1694536080000,0.1723,0.1725,0.1722,0.1723,37253
989,989,1694536140000,0.1724,0.1726,0.1724,0.1724,13337
990,990,1694536200000,0.1725,0.1741,0.1725,0.1734,523016
991,991,1694536260000,0.1733,0.1739,0.1728,0.1728,308199
992,992,1694536320000,0.1728,0.1729,0.1723,0.1725,97867
993,993,1694536380000,0.1724,0.1728,0.1724,0.1728,123630
994,994,1694536440000,0.1727,0.1729,0.1725,0.1729,56433
995,995,1694536500000,0.173,0.1731,0.1728,0.1729,48664
996,996,1694536560000,0.1729,0.173,0.1722,0.1722,59971
997,997,1694536620000,0.1722,0.1726,0.1722,0.1726,68329
998,998,1694536680000,0.1725,0.1728,0.1725,0.1726,60175
999,999,1694536740000,0.1726,0.1726,0.1724,0.1725,12556
1000,1000,1694536800000,0.1726,0.1727,0.1721,0.1722,89593
1001,1001,1694536860000,0.1721,0.1721,0.1718,0.1719,112382
1002,1002,1694536920000,0.172,0.1721,0.1719,0.172,44462
1003,1003,1694536980000,0.1719,0.172,0.1718,0.1718,28535
1004,1004,1694537040000,0.1718,0.172,0.1718,0.1719,12931
1005,1005,1694537100000,0.1718,0.1718,0.1716,0.1716,45910
1006,1006,1694537160000,0.1715,0.1717,0.1715,0.1717,51793
1007,1007,1694537220000,0.1718,0.172,0.1717,0.1717,74716
1008,1008,1694537280000,0.1717,0.1718,0.1714,0.1716,208829
1009,1009,1694537340000,0.1717,0.172,0.1717,0.172,52305
1010,1010,1694537400000,0.1721,0.1721,0.1718,0.1721,126250
1011,1011,1694537460000,0.1721,0.1722,0.1719,0.172,19632
1012,1012,1694537520000,0.172,0.1723,0.1719,0.1722,20649
1013,1013,1694537580000,0.1721,0.1721,0.1717,0.1717,42881
1014,1014,1694537640000,0.1716,0.1717,0.1715,0.1715,18160
1015,1015,1694537700000,0.1714,0.1717,0.1714,0.1716,30055
1016,1016,1694537760000,0.1715,0.1715,0.1714,0.1714,42187
1017,1017,1694537820000,0.1714,0.1715,0.1712,0.1712,100922
1018,1018,1694537880000,0.1713,0.1714,0.171,0.171,170430
1019,1019,1694537940000,0.1711,0.1713,0.1711,0.1713,41105
1020,1020,1694538000000,0.1713,0.1713,0.171,0.1712,54655
1021,1021,1694538060000,0.1713,0.1714,0.171,0.1711,61064
1022,1022,1694538120000,0.1711,0.1712,0.1709,0.1711,66935
1023,1023,1694538180000,0.1711,0.1712,0.1709,0.1709,31110
1024,1024,1694538240000,0.171,0.1711,0.1709,0.171,69877
1025,1025,1694538300000,0.171,0.1712,0.171,0.1711,49642
1026,1026,1694538360000,0.1711,0.1713,0.1711,0.1711,31493
1027,1027,1694538420000,0.1711,0.1711,0.171,0.171,7640
1028,1028,1694538480000,0.1711,0.1712,0.1711,0.1711,5417
1029,1029,1694538540000,0.1712,0.1714,0.1712,0.1713,24200
1030,1030,1694538600000,0.1712,0.1714,0.1712,0.1714,6820
1031,1031,1694538660000,0.1715,0.1717,0.1715,0.1717,2618
1032,1032,1694538720000,0.1716,0.1717,0.1715,0.1716,24604
1033,1033,1694538780000,0.1716,0.1716,0.1714,0.1715,39981
1034,1034,1694538840000,0.1714,0.1715,0.1712,0.1712,13180
1035,1035,1694538900000,0.1712,0.1714,0.171,0.1712,44425
1036,1036,1694538960000,0.1713,0.1713,0.1711,0.1711,25019
1037,1037,1694539020000,0.1711,0.1711,0.1703,0.1704,102144
1038,1038,1694539080000,0.1704,0.1705,0.1688,0.1694,1356779
1039,1039,1694539140000,0.1694,0.1707,0.1694,0.1703,392365
1040,1040,1694539200000,0.1702,0.1705,0.1702,0.1704,168818
1041,1041,1694539260000,0.1703,0.1706,0.1702,0.1705,63705
1042,1042,1694539320000,0.1705,0.171,0.1704,0.171,70570
1043,1043,1694539380000,0.1709,0.171,0.1707,0.1709,88047
1044,1044,1694539440000,0.1709,0.1709,0.1705,0.1705,108828
1045,1045,1694539500000,0.1706,0.1707,0.1705,0.1707,67743
1046,1046,1694539560000,0.1707,0.1707,0.1707,0.1707,4319
1047,1047,1694539620000,0.1708,0.1711,0.1708,0.1711,28021
1048,1048,1694539680000,0.171,0.171,0.1708,0.171,46263
1049,1049,1694539740000,0.1709,0.1712,0.1709,0.1709,36267
1050,1050,1694539800000,0.171,0.1711,0.1708,0.171,32554
1051,1051,1694539860000,0.1711,0.1712,0.171,0.171,33547
1052,1052,1694539920000,0.171,0.171,0.1706,0.1706,48489
1053,1053,1694539980000,0.1706,0.1707,0.1705,0.1706,53712
1054,1054,1694540040000,0.1706,0.1707,0.1705,0.1707,18187
1055,1055,1694540100000,0.1706,0.1706,0.1702,0.1702,100141
1056,1056,1694540160000,0.1702,0.1705,0.1702,0.1702,23159
1057,1057,1694540220000,0.1703,0.1704,0.1703,0.1703,8434
1058,1058,1694540280000,0.1703,0.1703,0.1701,0.1702,10815
1059,1059,1694540340000,0.1702,0.1702,0.17,0.1702,30107
1060,1060,1694540400000,0.1701,0.1704,0.1701,0.1704,9880
1061,1061,1694540460000,0.1705,0.1705,0.1701,0.1703,60305
1062,1062,1694540520000,0.1702,0.1704,0.1702,0.1702,12009
1063,1063,1694540580000,0.1702,0.1704,0.1702,0.1703,11982
1064,1064,1694540640000,0.1704,0.1704,0.1703,0.1703,6733
1065,1065,1694540700000,0.1704,0.1706,0.1703,0.1706,22259
1066,1066,1694540760000,0.1705,0.1705,0.1701,0.1702,32296
1067,1067,1694540820000,0.1702,0.1703,0.1701,0.1701,3196
1068,1068,1694540880000,0.1701,0.1701,0.1701,0.1701,8132
1069,1069,1694540940000,0.1702,0.1703,0.1702,0.1703,8957
1070,1070,1694541000000,0.1703,0.1707,0.1703,0.1706,16137
1071,1071,1694541060000,0.1706,0.1707,0.1705,0.1706,25224
1072,1072,1694541120000,0.1706,0.1706,0.1703,0.1704,27477
1073,1073,1694541180000,0.1703,0.1703,0.1701,0.1701,44478
1074,1074,1694541240000,0.1702,0.1702,0.17,0.1701,26970
1075,1075,1694541300000,0.1701,0.1701,0.1698,0.17,27184
1076,1076,1694541360000,0.1699,0.1699,0.1697,0.1699,17791
1077,1077,1694541420000,0.1699,0.1699,0.1696,0.1698,35234
1078,1078,1694541480000,0.1698,0.1699,0.1697,0.1697,15867
1079,1079,1694541540000,0.1697,0.1698,0.1695,0.1695,47940
1080,1080,1694541600000,0.1695,0.1697,0.1693,0.1697,107464
1081,1081,1694541660000,0.1696,0.1698,0.1694,0.1694,65086
1082,1082,1694541720000,0.1694,0.1697,0.1693,0.1696,78025
1083,1083,1694541780000,0.1697,0.1699,0.1697,0.1699,29550
1084,1084,1694541840000,0.1698,0.1699,0.1698,0.1698,55728
1085,1085,1694541900000,0.1698,0.1699,0.1694,0.1694,134800
1086,1086,1694541960000,0.1694,0.1695,0.1693,0.1693,75515
1087,1087,1694542020000,0.1693,0.1694,0.1692,0.1693,36272
1088,1088,1694542080000,0.1693,0.1696,0.1693,0.1695,62073
1089,1089,1694542140000,0.1695,0.1696,0.1695,0.1696,28531
1090,1090,1694542200000,0.1695,0.1696,0.1694,0.1694,69234
1091,1091,1694542260000,0.1694,0.1696,0.1694,0.1696,42613
1092,1092,1694542320000,0.1697,0.1699,0.1697,0.1699,11308
1093,1093,1694542380000,0.1699,0.1699,0.1698,0.1699,64214
1094,1094,1694542440000,0.1699,0.17,0.1698,0.17,29448
1095,1095,1694542500000,0.1699,0.17,0.1698,0.1699,47012
1096,1096,1694542560000,0.1699,0.1699,0.1697,0.1697,49354
1097,1097,1694542620000,0.1698,0.1701,0.1698,0.17,15657
1098,1098,1694542680000,0.1701,0.1701,0.1699,0.1699,29593
1099,1099,1694542740000,0.17,0.17,0.1698,0.1699,29759
1100,1100,1694542800000,0.1699,0.1699,0.1698,0.1698,8963
1101,1101,1694542860000,0.1698,0.1698,0.1696,0.1696,36344
1102,1102,1694542920000,0.1696,0.1696,0.1695,0.1695,10355
1103,1103,1694542980000,0.1694,0.1695,0.1693,0.1693,21791
1104,1104,1694543040000,0.1693,0.1694,0.1693,0.1693,4138
1105,1105,1694543100000,0.1693,0.1696,0.1693,0.1696,7853
1106,1106,1694543160000,0.1696,0.1696,0.1694,0.1694,8340
1107,1107,1694543220000,0.1695,0.1695,0.1695,0.1695,616
1108,1108,1694543280000,0.1695,0.1696,0.1695,0.1696,13413
1109,1109,1694543340000,0.1696,0.1696,0.1694,0.1694,6120
1110,1110,1694543400000,0.1695,0.1696,0.1694,0.1696,15949
1111,1111,1694543460000,0.1696,0.1696,0.1694,0.1695,15942
1112,1112,1694543520000,0.1695,0.1695,0.1695,0.1695,449
1113,1113,1694543580000,0.1695,0.1696,0.1695,0.1695,3815
1114,1114,1694543640000,0.1695,0.1697,0.1695,0.1696,3549
1115,1115,1694543700000,0.1697,0.1698,0.1697,0.1698,8063
1116,1116,1694543760000,0.1697,0.1699,0.1697,0.1699,38250
1117,1117,1694543820000,0.17,0.17,0.1698,0.1698,13386
1118,1118,1694543880000,0.1698,0.1698,0.1698,0.1698,2770
1119,1119,1694543940000,0.1697,0.1697,0.1695,0.1697,7710
1120,1120,1694544000000,0.1697,0.1697,0.1695,0.1695,10729
1121,1121,1694544060000,0.1696,0.1697,0.1695,0.1696,9722
1122,1122,1694544120000,0.1696,0.1697,0.1696,0.1697,4725
1123,1123,1694544180000,0.1697,0.1697,0.1695,0.1695,5496
1124,1124,1694544240000,0.1696,0.1696,0.1696,0.1696,3401
1125,1125,1694544300000,0.1696,0.1697,0.1696,0.1696,2592
1126,1126,1694544360000,0.1696,0.1697,0.1696,0.1696,12074
1127,1127,1694544420000,0.1697,0.1699,0.1697,0.1699,66900
1128,1128,1694544480000,0.1698,0.1699,0.1697,0.1698,56917
1129,1129,1694544540000,0.1697,0.1698,0.1697,0.1698,11322
1130,1130,1694544600000,0.1697,0.1699,0.1696,0.1698,60710
1131,1131,1694544660000,0.1698,0.1698,0.1696,0.1697,33511
1132,1132,1694544720000,0.1697,0.1697,0.1696,0.1696,4326
1133,1133,1694544780000,0.1696,0.1698,0.1696,0.1698,30451
1134,1134,1694544840000,0.1697,0.1698,0.1697,0.1697,3111
1135,1135,1694544900000,0.1697,0.1698,0.1697,0.1698,3747
1136,1136,1694544960000,0.1699,0.1701,0.1699,0.1701,47866
1137,1137,1694545020000,0.17,0.1701,0.1699,0.17,15002
1138,1138,1694545080000,0.1701,0.1701,0.17,0.1701,26044
1139,1139,1694545140000,0.17,0.17,0.1699,0.17,33199
1140,1140,1694545200000,0.17,0.1701,0.1699,0.1701,35500
1141,1141,1694545260000,0.1701,0.1702,0.1699,0.17,55592
1142,1142,1694545320000,0.17,0.1702,0.17,0.17,25050
1143,1143,1694545380000,0.1699,0.1702,0.1699,0.1701,18652
1144,1144,1694545440000,0.1702,0.1702,0.1701,0.1701,12437
1145,1145,1694545500000,0.1701,0.1703,0.1701,0.1703,21028
1146,1146,1694545560000,0.1702,0.1702,0.1702,0.1702,7802
1147,1147,1694545620000,0.1701,0.1703,0.1701,0.1703,15990
1148,1148,1694545680000,0.1702,0.1704,0.1702,0.1703,41311
1149,1149,1694545740000,0.1703,0.1704,0.17,0.1703,308239
1150,1150,1694545800000,0.1703,0.1704,0.1702,0.1704,20225
1151,1151,1694545860000,0.1703,0.1703,0.1702,0.1703,30884
1152,1152,1694545920000,0.1702,0.1703,0.1701,0.1701,21265
1153,1153,1694545980000,0.17,0.1701,0.17,0.1701,2891
1154,1154,1694546040000,0.1702,0.1702,0.1702,0.1702,1100
1155,1155,1694546100000,0.1702,0.1708,0.1702,0.1708,126372
1156,1156,1694546160000,0.1708,0.1715,0.1708,0.1711,220013
1157,1157,1694546220000,0.1712,0.1714,0.1709,0.171,133556
1158,1158,1694546280000,0.1711,0.1712,0.171,0.171,27141
1159,1159,1694546340000,0.1709,0.1709,0.1708,0.1709,12472
1160,1160,1694546400000,0.1708,0.1709,0.1707,0.1707,28157
1161,1161,1694546460000,0.1706,0.1707,0.1705,0.1707,44804
1162,1162,1694546520000,0.1706,0.1707,0.1706,0.1707,13162
1163,1163,1694546580000,0.1706,0.1706,0.1705,0.1705,23328
1164,1164,1694546640000,0.1705,0.1705,0.1705,0.1705,476
1165,1165,1694546700000,0.1705,0.1706,0.1705,0.1705,14090
1166,1166,1694546760000,0.1704,0.1705,0.1704,0.1704,21130
1167,1167,1694546820000,0.1704,0.1704,0.1703,0.1704,4005
1168,1168,1694546880000,0.1704,0.1705,0.1703,0.1704,15963
1169,1169,1694546940000,0.1704,0.1704,0.1704,0.1704,737
1170,1170,1694547000000,0.1704,0.1704,0.1703,0.1703,10680
1171,1171,1694547060000,0.1704,0.1704,0.1702,0.1702,48123
1172,1172,1694547120000,0.1701,0.1702,0.17,0.1702,28616
1173,1173,1694547180000,0.1701,0.1701,0.1699,0.1701,14176
1174,1174,1694547240000,0.1702,0.1702,0.1701,0.1701,38577
1175,1175,1694547300000,0.1701,0.1701,0.17,0.1701,2728
1176,1176,1694547360000,0.1701,0.1702,0.1701,0.1702,5538
1177,1177,1694547420000,0.1702,0.1702,0.1701,0.1701,8227
1178,1178,1694547480000,0.1702,0.1703,0.1702,0.1702,31189
1179,1179,1694547540000,0.1701,0.1702,0.1701,0.1701,45435
1180,1180,1694547600000,0.1701,0.1702,0.17,0.1701,12895
1181,1181,1694547660000,0.1701,0.1701,0.1699,0.1699,36177
1182,1182,1694547720000,0.1699,0.17,0.1699,0.1699,10056
1183,1183,1694547780000,0.17,0.17,0.1699,0.1699,39548
1184,1184,1694547840000,0.1699,0.17,0.1698,0.1698,14407
1185,1185,1694547900000,0.1698,0.17,0.1698,0.1698,11714
1186,1186,1694547960000,0.1699,0.1699,0.1698,0.1699,12609
1187,1187,1694548020000,0.1699,0.17,0.1699,0.17,9935
1188,1188,1694548080000,0.17,0.1702,0.17,0.1702,20464
1189,1189,1694548140000,0.1701,0.1701,0.17,0.17,5920
1190,1190,1694548200000,0.1699,0.1702,0.1699,0.1702,8766
1191,1191,1694548260000,0.1701,0.1703,0.1701,0.1703,26418
1192,1192,1694548320000,0.1703,0.1703,0.1702,0.1702,7859
1193,1193,1694548380000,0.1701,0.1702,0.1701,0.1701,4406
1194,1194,1694548440000,0.1701,0.1702,0.1701,0.1702,9343
1195,1195,1694548500000,0.1702,0.1702,0.1699,0.17,17720
1196,1196,1694548560000,0.1701,0.1701,0.17,0.17,12881
1197,1197,1694548620000,0.17,0.17,0.1699,0.1699,236
1198,1198,1694548680000,0.1699,0.1699,0.1698,0.1698,17910
1199,1199,1694548740000,0.1699,0.1699,0.1698,0.1699,10489
1200,1200,1694548800000,0.1699,0.1701,0.1698,0.1698,94232
1201,1201,1694548860000,0.1698,0.17,0.1697,0.1699,10810
1202,1202,1694548920000,0.17,0.1702,0.17,0.1702,37844
1203,1203,1694548980000,0.1701,0.1702,0.1701,0.1702,6400
1204,1204,1694549040000,0.1702,0.1703,0.1701,0.1703,13392
1205,1205,1694549100000,0.1702,0.1702,0.1701,0.1701,13645
1206,1206,1694549160000,0.1701,0.1701,0.17,0.17,540
1207,1207,1694549220000,0.1701,0.1701,0.1699,0.17,9836
1208,1208,1694549280000,0.17,0.17,0.17,0.17,2436
1209,1209,1694549340000,0.17,0.17,0.1699,0.1699,9448
1210,1210,1694549400000,0.1699,0.17,0.1699,0.17,50993
1211,1211,1694549460000,0.17,0.17,0.17,0.17,9104
1212,1212,1694549520000,0.17,0.1701,0.1699,0.17,38401
1213,1213,1694549580000,0.1701,0.1701,0.1699,0.17,10232
1214,1214,1694549640000,0.17,0.17,0.17,0.17,2831
1215,1215,1694549700000,0.17,0.1701,0.1699,0.1699,17880
1216,1216,1694549760000,0.17,0.17,0.1699,0.17,24370
1217,1217,1694549820000,0.1699,0.1701,0.1699,0.1701,63350
1218,1218,1694549880000,0.17,0.1701,0.17,0.17,11134
1219,1219,1694549940000,0.1699,0.17,0.1698,0.1698,12872
1220,1220,1694550000000,0.1698,0.1699,0.1696,0.1699,25304
1221,1221,1694550060000,0.1699,0.17,0.1699,0.1699,27329
1222,1222,1694550120000,0.17,0.1701,0.17,0.1701,12900
1223,1223,1694550180000,0.1701,0.1701,0.17,0.17,2626
1224,1224,1694550240000,0.1699,0.1701,0.1699,0.1701,7245
1225,1225,1694550300000,0.1701,0.1701,0.17,0.1701,14505
1226,1226,1694550360000,0.1701,0.1702,0.1701,0.1701,2643
1227,1227,1694550420000,0.1702,0.1703,0.1702,0.1703,27093
1228,1228,1694550480000,0.1702,0.1703,0.1702,0.1703,6522
1229,1229,1694550540000,0.1702,0.1703,0.1702,0.1703,860
1230,1230,1694550600000,0.1702,0.1703,0.1702,0.1703,958
1231,1231,1694550660000,0.1703,0.1704,0.1703,0.1703,68236
1232,1232,1694550720000,0.1703,0.1704,0.1703,0.1704,5366
1233,1233,1694550780000,0.1703,0.1704,0.1702,0.1704,9698
1234,1234,1694550840000,0.1704,0.1705,0.1704,0.1704,3867
1235,1235,1694550900000,0.1704,0.1705,0.1703,0.1703,38631
1236,1236,1694550960000,0.1703,0.1704,0.1702,0.1704,7470
1237,1237,1694551020000,0.1704,0.1704,0.1703,0.1704,1165
1238,1238,1694551080000,0.1704,0.1704,0.1703,0.1703,6081
1239,1239,1694551140000,0.1703,0.1703,0.1702,0.1702,4821
1240,1240,1694551200000,0.1702,0.1703,0.1702,0.1702,1494
1241,1241,1694551260000,0.1703,0.1704,0.1703,0.1704,4903
1242,1242,1694551320000,0.1704,0.1704,0.1704,0.1704,4488
1243,1243,1694551380000,0.1705,0.1705,0.1705,0.1705,19848
1244,1244,1694551440000,0.1705,0.1705,0.1705,0.1705,1464
1245,1245,1694551500000,0.1705,0.1705,0.1704,0.1704,9840
1246,1246,1694551560000,0.1704,0.1705,0.1704,0.1705,10309
1247,1247,1694551620000,0.1706,0.1706,0.1705,0.1706,6565
1248,1248,1694551680000,0.1706,0.1706,0.1705,0.1705,6195
1249,1249,1694551740000,0.1704,0.1705,0.1704,0.1705,5138
1250,1250,1694551800000,0.1705,0.1706,0.1704,0.1706,13999
1251,1251,1694551860000,0.1706,0.1706,0.1706,0.1706,4182
1252,1252,1694551920000,0.1705,0.1711,0.1705,0.171,274058
1253,1253,1694551980000,0.1709,0.1709,0.1706,0.1706,90146
1254,1254,1694552040000,0.1706,0.1706,0.1705,0.1706,40437
1255,1255,1694552100000,0.1706,0.1711,0.1706,0.1709,224487
1256,1256,1694552160000,0.1708,0.1708,0.1707,0.1707,47341
1257,1257,1694552220000,0.1706,0.1707,0.1706,0.1706,20470
1258,1258,1694552280000,0.1706,0.1707,0.1705,0.1706,16848
1259,1259,1694552340000,0.1705,0.1707,0.1705,0.1707,6755
1260,1260,1694552400000,0.1706,0.1707,0.1704,0.1704,63449
1261,1261,1694552460000,0.1704,0.1706,0.1703,0.1704,44123
1262,1262,1694552520000,0.1705,0.1706,0.1704,0.1705,18090
1263,1263,1694552580000,0.1706,0.1706,0.1705,0.1706,12131
1264,1264,1694552640000,0.1706,0.1708,0.1706,0.1708,37507
1265,1265,1694552700000,0.1708,0.1708,0.1706,0.1707,20496
1266,1266,1694552760000,0.1707,0.1708,0.1707,0.1707,3093
1267,1267,1694552820000,0.1707,0.1707,0.1707,0.1707,1461
1268,1268,1694552880000,0.1706,0.1708,0.1706,0.1708,15616
1269,1269,1694552940000,0.1709,0.1713,0.1709,0.1712,49930
1270,1270,1694553000000,0.1711,0.1713,0.1711,0.1712,20602
1271,1271,1694553060000,0.1713,0.1715,0.1713,0.1715,19502
1272,1272,1694553120000,0.1715,0.1717,0.1714,0.1714,32220
1273,1273,1694553180000,0.1715,0.1715,0.1713,0.1714,13272
1274,1274,1694553240000,0.1715,0.1715,0.1713,0.1713,14394
1275,1275,1694553300000,0.1714,0.1715,0.1712,0.1715,24435
1276,1276,1694553360000,0.1715,0.1716,0.1715,0.1716,43201
1277,1277,1694553420000,0.1716,0.1717,0.1715,0.1717,19391
1278,1278,1694553480000,0.1717,0.1718,0.1717,0.1717,32470
1279,1279,1694553540000,0.1716,0.1716,0.1715,0.1715,6377
1280,1280,1694553600000,0.1716,0.1716,0.1715,0.1716,15963
1281,1281,1694553660000,0.1716,0.1717,0.1716,0.1717,12946
1282,1282,1694553720000,0.1716,0.1716,0.1715,0.1716,44569
1283,1283,1694553780000,0.1715,0.1717,0.1715,0.1717,19199
1284,1284,1694553840000,0.1716,0.1717,0.1715,0.1716,15909
1285,1285,1694553900000,0.1716,0.1716,0.1715,0.1716,1688
1286,1286,1694553960000,0.1715,0.1715,0.1715,0.1715,5864
1287,1287,1694554020000,0.1716,0.1717,0.1716,0.1717,9847
1288,1288,1694554080000,0.1716,0.1716,0.1715,0.1716,25537
1289,1289,1694554140000,0.1715,0.1717,0.1715,0.1717,13470
1290,1290,1694554200000,0.1716,0.1717,0.1716,0.1716,2562
1291,1291,1694554260000,0.1716,0.1717,0.1716,0.1716,2689
1292,1292,1694554320000,0.1716,0.1716,0.1716,0.1716,401
1293,1293,1694554380000,0.1716,0.1717,0.1716,0.1716,14241
1294,1294,1694554440000,0.1716,0.1716,0.1715,0.1715,22030
1295,1295,1694554500000,0.1716,0.1716,0.1714,0.1715,11004
1296,1296,1694554560000,0.1714,0.1714,0.1712,0.1712,37843
1297,1297,1694554620000,0.1712,0.1712,0.171,0.1711,34665
1298,1298,1694554680000,0.1711,0.1713,0.1711,0.1712,29354
1299,1299,1694554740000,0.1711,0.1712,0.1711,0.1712,6271
1300,1300,1694554800000,0.1712,0.1712,0.1711,0.1712,1584
1301,1301,1694554860000,0.1711,0.1713,0.1711,0.1712,24709
1302,1302,1694554920000,0.1711,0.1711,0.1711,0.1711,9481
1303,1303,1694554980000,0.1712,0.1712,0.1711,0.1711,3556
1304,1304,1694555040000,0.1711,0.1711,0.171,0.171,12105
1305,1305,1694555100000,0.171,0.1711,0.171,0.1711,3794
1306,1306,1694555160000,0.1711,0.1711,0.1711,0.1711,327
1307,1307,1694555220000,0.1711,0.1711,0.1711,0.1711,3951
1308,1308,1694555280000,0.1712,0.1712,0.1712,0.1712,3727
1309,1309,1694555340000,0.1712,0.1712,0.171,0.171,22157
1310,1310,1694555400000,0.171,0.171,0.1707,0.1709,39586
1311,1311,1694555460000,0.1709,0.171,0.1709,0.1709,27126
1312,1312,1694555520000,0.1709,0.171,0.1709,0.171,2377
1313,1313,1694555580000,0.171,0.171,0.1709,0.1709,5622
1314,1314,1694555640000,0.1708,0.171,0.1708,0.1709,47814
1315,1315,1694555700000,0.171,0.1711,0.171,0.1711,5177
1316,1316,1694555760000,0.1711,0.1712,0.171,0.1712,21159
1317,1317,1694555820000,0.1711,0.1712,0.1711,0.1711,11126
1318,1318,1694555880000,0.1711,0.1712,0.171,0.171,26801
1319,1319,1694555940000,0.1709,0.171,0.1709,0.171,9510
1320,1320,1694556000000,0.171,0.1711,0.1709,0.1709,13291
1321,1321,1694556060000,0.1709,0.171,0.1709,0.171,12108
1322,1322,1694556120000,0.1709,0.1711,0.1709,0.171,8590
1323,1323,1694556180000,0.171,0.1711,0.1709,0.1711,18679
1324,1324,1694556240000,0.1711,0.1711,0.1709,0.1709,62592
1325,1325,1694556300000,0.1708,0.1708,0.1705,0.1707,32608
1326,1326,1694556360000,0.1707,0.1708,0.1707,0.1707,54379
1327,1327,1694556420000,0.1706,0.1707,0.1705,0.1705,17668
1328,1328,1694556480000,0.1705,0.1707,0.1704,0.1706,106878
1329,1329,1694556540000,0.1706,0.1706,0.1706,0.1706,15811
1330,1330,1694556600000,0.1706,0.1706,0.1705,0.1706,12602
1331,1331,1694556660000,0.1706,0.1707,0.1704,0.1704,57814
1332,1332,1694556720000,0.1704,0.1706,0.1703,0.1706,23186
1333,1333,1694556780000,0.1706,0.1706,0.1705,0.1705,5550
1334,1334,1694556840000,0.1705,0.1706,0.1705,0.1706,6718
1335,1335,1694556900000,0.1705,0.1705,0.1704,0.1705,13143
1336,1336,1694556960000,0.1705,0.1705,0.1705,0.1705,4893
1337,1337,1694557020000,0.1705,0.1705,0.1705,0.1705,114
1338,1338,1694557080000,0.1705,0.1705,0.1705,0.1705,0
1339,1339,1694557140000,0.1705,0.1706,0.1705,0.1706,2219
1340,1340,1694557200000,0.1706,0.1706,0.1705,0.1705,515
1341,1341,1694557260000,0.1706,0.1706,0.1706,0.1706,322
1342,1342,1694557320000,0.1706,0.1706,0.1706,0.1706,3022
1343,1343,1694557380000,0.1705,0.1705,0.1702,0.1703,48423
1344,1344,1694557440000,0.1704,0.1704,0.1702,0.1704,59694
1345,1345,1694557500000,0.1703,0.1704,0.1703,0.1703,13014
1346,1346,1694557560000,0.1703,0.1704,0.1701,0.1703,31200
1347,1347,1694557620000,0.1703,0.1703,0.1703,0.1703,803
1348,1348,1694557680000,0.1703,0.1703,0.1702,0.1703,7893
1349,1349,1694557740000,0.1703,0.1703,0.1703,0.1703,2410
1350,1350,1694557800000,0.1703,0.1704,0.1703,0.1704,5159
1351,1351,1694557860000,0.1703,0.1704,0.1702,0.1702,15131
1352,1352,1694557920000,0.1702,0.1702,0.1702,0.1702,2673
1353,1353,1694557980000,0.1702,0.1702,0.1701,0.1701,2316
1354,1354,1694558040000,0.1701,0.1702,0.1701,0.1702,3528
1355,1355,1694558100000,0.1702,0.1702,0.1701,0.1701,624
1356,1356,1694558160000,0.1702,0.1702,0.17,0.1701,45158
1357,1357,1694558220000,0.1702,0.1702,0.17,0.17,20352
1358,1358,1694558280000,0.1701,0.1701,0.17,0.17,38130
1359,1359,1694558340000,0.1701,0.1701,0.1701,0.1701,1920
1360,1360,1694558400000,0.1701,0.1703,0.1701,0.1703,19324
1361,1361,1694558460000,0.1703,0.1703,0.1701,0.1701,41856
1362,1362,1694558520000,0.1702,0.1703,0.1702,0.1703,7736
1363,1363,1694558580000,0.1703,0.1703,0.1703,0.1703,36
1364,1364,1694558640000,0.1703,0.1703,0.1702,0.1702,10659
1365,1365,1694558700000,0.1702,0.1703,0.1702,0.1703,5718
1366,1366,1694558760000,0.1703,0.1703,0.1703,0.1703,2780
1367,1367,1694558820000,0.1703,0.1703,0.1703,0.1703,0
1368,1368,1694558880000,0.1702,0.1704,0.1702,0.1703,17844
1369,1369,1694558940000,0.1703,0.1703,0.1703,0.1703,0
1370,1370,1694559000000,0.1703,0.1705,0.1703,0.1704,27581
1371,1371,1694559060000,0.1704,0.1705,0.1704,0.1705,9247
1372,1372,1694559120000,0.1705,0.1705,0.1704,0.1704,341
1373,1373,1694559180000,0.1705,0.1705,0.1705,0.1705,12813
1374,1374,1694559240000,0.1705,0.1705,0.1704,0.1704,4665
1375,1375,1694559300000,0.1705,0.1705,0.1704,0.1704,6384
1376,1376,1694559360000,0.1704,0.1706,0.1704,0.1706,5139
1377,1377,1694559420000,0.1705,0.1705,0.1704,0.1705,15886
1378,1378,1694559480000,0.1705,0.1706,0.1704,0.1704,4100
1379,1379,1694559540000,0.1704,0.1704,0.1702,0.1703,11371
1380,1380,1694559600000,0.1702,0.1703,0.1701,0.1703,15785
1381,1381,1694559660000,0.1703,0.1703,0.1702,0.1702,21888
1382,1382,1694559720000,0.1703,0.1704,0.1702,0.1703,31781
1383,1383,1694559780000,0.1702,0.1702,0.1701,0.1701,23597
1384,1384,1694559840000,0.1701,0.1702,0.17,0.1701,79804
1385,1385,1694559900000,0.1701,0.1701,0.1697,0.1699,132692
1386,1386,1694559960000,0.1699,0.17,0.1698,0.1699,16045
1387,1387,1694560020000,0.1699,0.17,0.1698,0.1698,17238
1388,1388,1694560080000,0.1698,0.17,0.1698,0.1699,34974
1389,1389,1694560140000,0.17,0.1701,0.1699,0.1699,11303
1390,1390,1694560200000,0.1699,0.17,0.1695,0.1696,269881
1391,1391,1694560260000,0.1695,0.1697,0.1695,0.1696,116692
1392,1392,1694560320000,0.1696,0.1697,0.1695,0.1695,97558
1393,1393,1694560380000,0.1695,0.1696,0.1694,0.1695,29350
1394,1394,1694560440000,0.1696,0.1696,0.1694,0.1695,27404
1395,1395,1694560500000,0.1695,0.1695,0.1693,0.1694,32499
1396,1396,1694560560000,0.1695,0.1697,0.1695,0.1697,66877
1397,1397,1694560620000,0.1696,0.1696,0.1696,0.1696,7608
1398,1398,1694560680000,0.1696,0.1697,0.1696,0.1697,8949
1399,1399,1694560740000,0.1698,0.1699,0.1698,0.1699,19007
1400,1400,1694560800000,0.1698,0.1699,0.1698,0.1699,3103
1401,1401,1694560860000,0.1699,0.17,0.1698,0.17,16697
1402,1402,1694560920000,0.17,0.1701,0.17,0.17,15660
1403,1403,1694560980000,0.1701,0.1701,0.1701,0.1701,15907
1404,1404,1694561040000,0.1701,0.1701,0.17,0.1701,9667
1405,1405,1694561100000,0.1701,0.1702,0.1701,0.1701,25766
1406,1406,1694561160000,0.1701,0.1701,0.1701,0.1701,3496
1407,1407,1694561220000,0.1701,0.1701,0.1699,0.17,25476
1408,1408,1694561280000,0.17,0.17,0.17,0.17,8588
1409,1409,1694561340000,0.17,0.1701,0.17,0.1701,33687
1410,1410,1694561400000,0.1701,0.1702,0.17,0.1702,14459
1411,1411,1694561460000,0.1702,0.1702,0.1701,0.1701,8854
1412,1412,1694561520000,0.17,0.1701,0.17,0.1701,46255
1413,1413,1694561580000,0.1701,0.1701,0.1701,0.1701,3793
1414,1414,1694561640000,0.17,0.17,0.17,0.17,225
1415,1415,1694561700000,0.17,0.1701,0.17,0.1701,8790
1416,1416,1694561760000,0.17,0.1702,0.17,0.1702,1556
1417,1417,1694561820000,0.1702,0.1702,0.1701,0.1702,21590
1418,1418,1694561880000,0.1703,0.1703,0.1702,0.1702,7178
1419,1419,1694561940000,0.1702,0.1703,0.1701,0.1701,24690
1420,1420,1694562000000,0.1701,0.1702,0.1699,0.1699,30981
1421,1421,1694562060000,0.1698,0.17,0.1698,0.17,39733
1422,1422,1694562120000,0.1699,0.17,0.1699,0.17,24051
1423,1423,1694562180000,0.1701,0.1701,0.17,0.17,814
1424,1424,1694562240000,0.1701,0.1701,0.1701,0.1701,233
1425,1425,1694562300000,0.17,0.17,0.1699,0.1699,8097
1426,1426,1694562360000,0.1698,0.17,0.1698,0.1699,4977
1427,1427,1694562420000,0.1699,0.17,0.1699,0.1699,9146
1428,1428,1694562480000,0.1699,0.1699,0.1698,0.1698,11430
1429,1429,1694562540000,0.1698,0.1699,0.1698,0.1699,7636
1430,1430,1694562600000,0.1699,0.17,0.1697,0.1697,44588
1431,1431,1694562660000,0.1697,0.1699,0.1697,0.1699,9392
1432,1432,1694562720000,0.1699,0.17,0.1699,0.17,11520
1433,1433,1694562780000,0.1701,0.1701,0.17,0.17,13513
1434,1434,1694562840000,0.17,0.1701,0.17,0.17,14058
1435,1435,1694562900000,0.17,0.1701,0.1699,0.17,26598
1436,1436,1694562960000,0.17,0.17,0.1699,0.17,6170
1437,1437,1694563020000,0.17,0.17,0.1698,0.1698,14576
1438,1438,1694563080000,0.1698,0.17,0.1698,0.1699,7643
1439,1439,1694563140000,0.1699,0.1701,0.1699,0.17,14257
